,<= 0,Lo 30,Med 40,Hi 30,Lo 20,Qnt 2,Qnt 3,Qnt 4,Hi 20,Lo 10,2-Dec,3-Dec,4-Dec,5-Dec,6-Dec,7-Dec,8-Dec,9-Dec,Hi 10
196307,-99.99,-0.85,-1.37,0.06,-0.33,-1.27,-1.7,-1.42,0.22,-0.23,-0.43,-1.76,-0.89,-1.2,-2.06,-1.17,-1.56,-0.32,0.33
196308,-99.99,3.63,5.36,5.39,2.95,5.02,5.28,5.73,5.35,2.54,3.39,4.81,5.18,6.35,4.49,5.52,5.85,5.93,5.23
196309,-99.99,-1.28,-2.14,-1.17,-0.99,-1.84,-1.69,-2.16,-1.11,-0.19,-1.85,-1.77,-1.88,-1.9,-1.53,-2.74,-1.83,-2.08,-0.91
196310,-99.99,1.32,1.59,3.06,0.5,2.77,1.3,1.27,3.24,0.7,0.29,2.74,2.79,1,1.53,1.48,1.15,1.8,3.54
196311,-99.99,-1.5,-1,-0.48,-2.03,-1.26,-1.47,-0.29,-0.5,-2,-2.05,-0.6,-1.79,-1.22,-1.65,-0.17,-0.36,-0.21,-0.55
196312,-99.99,-1.01,1.37,2.34,-1.63,0.2,1.19,1.46,2.44,-2.31,-0.88,0.03,0.34,2.15,0.46,1.95,1.19,1.79,2.57
196401,-99.99,3.53,1.36,2.72,4.1,1.58,1.81,1.22,2.85,4.76,3.4,2.59,0.77,2.45,1.32,1.07,1.3,1.16,3.19
196402,-99.99,2.62,2.7,1.69,2.5,3.07,2.28,3.03,1.57,2.71,2.28,2.8,3.29,2.29,2.27,2.95,3.08,2.03,1.47
196403,-99.99,2.96,3.26,1.5,2.36,3.67,3.64,2.99,1.36,2.31,2.41,3.97,3.43,4.1,3.28,2.77,3.11,1.83,1.26
196404,-99.99,-0.5,-0.26,0.53,-0.35,-0.57,-0.72,-0.5,0.67,0.05,-0.78,-0.74,-0.42,-1.02,-0.48,0.31,-0.95,-0.52,0.91
196405,-99.99,1.03,1.74,1.68,0.49,2.36,1.11,2.13,1.64,0.77,0.19,1.9,2.73,1.38,0.9,2.08,2.15,0.99,1.76
196406,-99.99,1.15,1.48,1.56,1.16,1.21,1.47,1.41,1.59,1.25,1.07,1.12,1.28,0.95,1.88,1.57,1.32,1.45,1.61
196407,-99.99,3.39,2.17,1.98,3.25,2.55,2.53,1.98,1.98,3.76,2.63,3.65,1.7,1.89,2.98,1.93,2,3.45,1.69
196408,-99.99,-0.66,-0.84,-1.19,-0.64,-1.28,-0.83,-0.09,-1.31,-0.43,-0.89,-0.69,-1.75,-0.61,-0.98,-0.52,0.15,-1.32,-1.3
196409,-99.99,3.96,3.25,2.91,4.53,3.04,2.91,3.77,2.83,5.09,3.84,2.94,3.11,2.78,3,3.68,3.82,3.19,2.75
196410,-99.99,1.83,1.68,0.72,2.24,1.19,2.17,1.58,0.63,2.68,1.7,1.08,1.27,1.5,2.64,1.25,1.78,0.76,0.6
196411,-99.99,0.29,0.05,0.31,0.18,-0.62,0.54,0.14,0.32,0.1,0.3,0.47,-1.47,0.14,0.81,0.04,0.19,0.26,0.33
196412,-99.99,-1.61,-0.34,0.48,-1.96,-0.35,-0.47,-0.35,0.56,-1.71,-2.26,-0.98,0.16,-0.26,-0.62,-0.37,-0.34,-0.23,0.71
196501,-99.99,7.22,5.56,3.55,7.61,6.32,5.69,5.48,3.37,8.44,6.57,6.51,6.17,5.51,5.8,5.2,5.65,4.62,3.12
196502,-99.99,3.23,3.39,0.3,2.92,3.99,3.73,2.79,0.08,3.22,2.54,3.79,4.15,4.6,3.16,2.73,2.82,2.59,-0.43
196503,-99.99,1.92,0.16,-1.27,2.35,0.35,0.48,-0.08,-1.38,2.3,2.42,1.15,-0.28,0.62,0.39,-0.05,-0.09,-0.58,-1.55
196504,-99.99,4.31,4.03,3.27,4.73,4.23,4.03,3.51,3.26,5.15,4.21,3.53,4.79,4.82,3.5,3.75,3.37,2.76,3.36
196505,-99.99,-0.89,-0.55,-0.35,-0.72,-0.76,-0.41,-0.84,-0.3,-0.13,-1.49,-1.2,-0.41,-0.58,-0.3,-0.77,-0.87,-0.42,-0.27
196506,-99.99,-9.44,-8.11,-4.54,-9.81,-8.82,-8.09,-7.51,-4.29,-9.74,-9.9,-8.75,-8.87,-8.22,-8.01,-7.85,-7.31,-5.84,-3.96
196507,-99.99,3.13,3.14,1.5,2.96,3.53,3.39,3.24,1.32,2.64,3.42,3.47,3.58,3.18,3.53,2.72,3.56,2.33,1.11
196508,-99.99,4.21,5.14,2.78,4.22,4.8,6.1,4.19,2.65,4.1,4.38,4.21,5.25,7.33,5.26,4.02,4.29,3.47,2.48
196509,-99.99,2.67,3.42,3.18,2.64,3.97,3.39,3.06,3.19,3.03,2.09,2.73,4.88,3.48,3.32,2.96,3.12,2.85,3.26
196510,-99.99,6.84,4.72,2.56,7.44,5.85,5.21,3.9,2.42,8.11,6.52,5.64,6,5.79,4.81,3.72,4.01,3.62,2.17
196511,-99.99,4.86,4.37,-0.39,5.92,4.87,4.44,3.35,-0.72,7.17,4.15,2.69,6.48,5.31,3.81,3.55,3.22,1.56,-1.2
196512,-99.99,4.54,3.23,0.94,4.58,5.01,2.79,2.09,0.88,5.19,3.67,4.46,5.4,2.18,3.23,2.94,1.58,1.8,0.68
196601,-99.99,7.39,3.64,0.43,7.79,5.66,4.27,3.06,0.13,8.55,6.68,6.54,5.05,4.3,4.24,2.39,3.47,2.8,-0.45
196602,-99.99,4.43,1.8,-1.51,4.84,2.86,2.36,0.66,-1.72,5.5,3.85,3.57,2.35,2.76,2.06,0.95,0.48,-1.03,-1.87
196603,-99.99,-1.44,-2.65,-2.06,-0.47,-1.86,-3.08,-2.13,-2.1,0.5,-1.96,-3.5,-0.67,-2.71,-3.35,-2.9,-1.66,-0.52,-2.46
196604,-99.99,6.86,3.67,2.02,6.27,6.12,3.69,3.11,1.92,6.99,5.14,8.15,4.67,3.71,3.67,3.27,3.02,2.23,1.85
196605,-99.99,-10.92,-8.01,-4.46,-11.63,-9.83,-8.13,-6.56,-4.27,-13.08,-9.3,-9.38,-10.16,-8.88,-7.56,-7.03,-6.27,-5.41,-4.01
196606,-99.99,0.36,-0.23,-1.28,0.31,0.31,0.2,0.25,-1.51,-0.16,1.03,0.48,0.2,-0.37,0.63,-0.88,0.94,-0.49,-1.74
196607,-99.99,-1.68,-1.33,-1.22,-1.93,-1.86,-0.93,-1.64,-1.17,-2.05,-1.77,-1.13,-2.39,-0.86,-0.97,-1.41,-1.78,-0.8,-1.25
196608,-99.99,-10.92,-9.19,-7.1,-10.81,-10.43,-9,-8.45,-7,-11.7,-9.7,-11.16,-9.89,-9.31,-8.77,-9.15,-8.03,-8.06,-6.76
196609,-99.99,-1.94,-1.33,-0.5,-1.96,-1.71,-1.44,-1.2,-0.43,-2.22,-1.64,-1.91,-1.57,-1.07,-1.71,-1.11,-1.26,-1.43,-0.21
196610,-99.99,-2.88,0.84,5.17,-4.02,-1.09,1.57,2.5,5.34,-5.28,-2.5,-0.41,-1.59,0.79,2.13,0.84,3.5,5.05,5.4
196611,-99.99,4.35,4.9,1.23,4.79,4.17,4.25,3.8,1.09,4.08,5.65,3.42,4.73,5.32,3.49,5.71,2.68,1.75,0.95
196612,-99.99,2.07,2.16,0.21,1.82,2.22,2.02,2.49,-0.03,1.47,2.24,2.59,1.95,2.27,1.85,2.39,2.55,2.21,-0.53
196701,-99.99,18.83,13.23,7.41,18.78,18.21,13.92,9.75,7.25,20.68,16.54,18.94,17.68,13.37,14.31,10.96,9.03,8.34,7
196702,-99.99,4.92,1.74,0.82,5.84,3.07,1.46,0.9,0.85,6.56,4.96,2.98,3.13,1.95,1.11,1.57,0.48,1.03,0.81
196703,-99.99,6.81,5.77,4.04,6.77,6.95,5.7,5.22,3.93,6.92,6.58,6.9,6.98,5.48,5.85,5.42,5.1,4.39,3.82
196704,-99.99,4.35,4.14,4.22,4.56,3.81,4.36,4.56,4.15,4.93,4.1,3.91,3.73,4.44,4.31,4.03,4.89,2.83,4.45
196705,-99.99,-0.82,-1.17,-4.55,-0.25,-1.64,-1.67,-1.59,-4.79,-0.24,-0.26,-2.06,-1.32,-2.6,-1.03,-0.54,-2.22,-3.86,-5
196706,-99.99,10.74,5.56,1.76,12.3,8.06,5.49,3.99,1.55,13.3,11.07,7.23,8.67,5.66,5.37,4.53,3.66,2.11,1.42
196707,-99.99,9.43,6.13,4.45,9.77,8.09,6.34,5.68,4.3,10.39,9.06,8.77,7.55,6.79,6.01,5.36,5.89,5.18,4.09
196708,-99.99,0.6,0.04,-0.77,0.56,-0.33,0.12,-0.12,-0.8,1.3,-0.3,0.69,-1.17,0.27,0.02,0.41,-0.45,-0.37,-0.9
196709,-99.99,7.42,4.15,3.04,8.27,5.22,3.67,2.49,3.24,8.89,7.54,5.81,4.74,3.17,4.02,4.51,1.22,2.23,3.47
196710,-99.99,-2.29,-3.1,-2.64,-1.76,-2.45,-2.92,-4.61,-2.38,-1.09,-2.57,-3.34,-1.7,-3.61,-2.45,-3.84,-5.12,-5,-1.76
196711,-99.99,0.04,1.21,0.69,-0.11,0.77,0.88,1.09,0.69,-1.1,1.1,0.33,1.13,1.47,0.47,1.64,0.73,0.4,0.75
196712,-99.99,10.41,5.79,2.49,10.8,8.95,6.55,3.17,2.46,11.65,9.8,9.63,8.38,7.09,6.17,3.82,2.75,3.16,2.3
196801,-99.99,2.55,-2.22,-4.19,3.54,-0.21,-2.24,-3.31,-4.24,5.7,0.91,0.54,-0.84,-0.92,-3.12,-2.76,-3.67,-2.85,-4.56
196802,-99.99,-6.54,-4.8,-2.7,-6.82,-6.1,-4.36,-4.42,-2.54,-7.49,-5.97,-5.94,-6.24,-3.81,-4.73,-4.78,-4.19,-3.43,-2.33
196803,-99.99,-1.19,0.12,0.82,-1.17,-1.2,0.04,0.06,0.94,-1.53,-0.71,-1.23,-1.18,-1.27,0.95,0.73,-0.38,-0.24,1.21
196804,-99.99,16.4,12.35,8.31,17.15,14.83,12.79,10.57,8.1,17.06,17.25,14.83,14.83,12.46,13.02,10.79,10.43,9.17,7.86
196805,-99.99,11.26,5.76,1.53,12,8.31,5.89,4.32,1.29,14.72,8.6,9.66,7.14,5.61,6.07,5.03,3.86,2.67,0.97
196806,-99.99,0.44,1.39,1.16,0.65,0.39,0.87,1.97,1.1,1.54,-0.53,-0.01,0.75,2.28,-0.07,2.32,1.75,2.22,0.84
196807,-99.99,-2.6,-4.65,-1.81,-2.95,-3.68,-3.86,-3.65,-1.73,-2.23,-3.77,-1.81,-5.15,-2.72,-4.83,-5.49,-2.48,-2.3,-1.6
196808,-99.99,4.3,2.46,1.49,4.5,3.22,3.32,2.06,1.36,4.69,4.29,3.84,2.72,3.99,2.74,1.22,2.59,1.48,1.33
196809,-99.99,7.05,6.47,3.83,7.04,7.03,6.02,6.87,3.47,7.35,6.7,7.07,7,7.41,4.77,6.86,6.88,5.5,3.01
196810,-99.99,0.48,1.08,0.86,0.13,0.62,1.36,0.8,0.89,0.15,0.1,1.25,0.09,1.57,1.17,1.13,0.61,1.54,0.74
196811,-99.99,7.54,8.09,5.37,7.17,8.45,8.12,7.43,5.15,7.09,7.25,8.36,8.52,8.26,7.99,7.87,7.16,6.4,4.87
196812,-99.99,1.31,-2.31,-4.17,2.52,-1.36,-1.99,-3.3,-4.26,3.41,1.51,-1.28,-1.42,-1.44,-2.49,-3.09,-3.43,-2.87,-4.58
196901,-99.99,-0.61,-1.59,-0.63,-0.7,-0.45,-1.61,-0.51,-0.77,-0.57,-0.85,-0.41,-0.49,-1.23,-1.95,-2.03,0.46,0.03,-0.96
196902,-99.99,-9.64,-7.8,-4.31,-10.24,-8.38,-7.76,-7.35,-3.95,-10.8,-9.61,-8.27,-8.47,-8,-7.55,-7.58,-7.21,-5.79,-3.51
196903,-99.99,2.94,1.98,3.38,3.16,2.23,2.13,2.08,3.51,3.04,3.3,2.45,2.04,2.47,1.83,1.76,2.28,1.03,4.09
196904,-99.99,0.92,1.42,2.26,0.6,1.31,1.08,1.3,2.43,0.11,1.17,1.61,1.05,1.21,0.97,2.04,0.85,2.05,2.52
196905,-99.99,0.88,-0.06,0.35,1.04,-0.59,0.41,0.02,0.39,1.28,0.76,0.55,-1.57,1.04,-0.17,-0.04,0.06,-0.76,0.64
196906,-99.99,-12.94,-10.25,-5.24,-13.52,-11.34,-10.77,-8.11,-4.98,-13.76,-13.26,-11.68,-11.05,-11.09,-10.47,-9.21,-7.44,-6.51,-4.65
196907,-99.99,-10.9,-8.11,-5.9,-11.45,-9.31,-8.44,-6.98,-5.81,-11.58,-11.27,-9.78,-8.91,-8.52,-8.37,-7.37,-6.73,-6.34,-5.69
196908,-99.99,5.17,6.1,5,4.76,5.47,7.19,5.94,4.84,4.14,5.63,5.99,5.05,7.96,6.6,5.23,6.4,3.99,5.04
196909,-99.99,-2.53,-1.11,-2.59,-3.38,-0.46,-1.07,-1.81,-2.66,-3.3,-3.5,-0.86,-0.12,-1.12,-1.04,-1.54,-1.98,-0.95,-3.04
196910,-99.99,9.88,7.87,4.9,10.22,9.05,7.47,7.42,4.65,10.78,9.45,9.24,8.9,7.32,7.58,7.94,7.08,7.05,4.1
196911,-99.99,-6.13,-4.31,-2.95,-6.95,-4.18,-4.79,-3.75,-2.87,-7.06,-6.8,-4.53,-3.89,-5.34,-4.37,-3.91,-3.65,-3.47,-2.73
196912,-99.99,-7.49,-3.08,-1.34,-7.69,-5.87,-3.54,-2.01,-1.24,-8.68,-6.29,-7.11,-4.85,-3.03,-3.92,-1.82,-2.14,-2.48,-0.95
197001,-99.99,-4.19,-6.59,-7.75,-3.64,-5.12,-6.85,-7.65,-7.71,-1.88,-6.03,-5.23,-5.02,-6.56,-7.07,-6.9,-8.15,-6.11,-8.08
197002,-99.99,3.38,4.35,6.09,3.17,3.62,4.51,5.84,6.01,2.8,3.71,3.76,3.51,4.12,4.82,4.51,6.76,7.77,5.6
197003,-99.99,-3.4,-1.11,-0.1,-3.92,-2.7,-1.21,-0.46,-0.04,-4.14,-3.62,-2.39,-2.95,-1.71,-0.83,-0.25,-0.6,-0.39,0.04
197004,-99.99,-17.81,-14.45,-9.18,-18.1,-17.11,-14.56,-12.23,-8.92,-18.86,-17.01,-17.26,-16.99,-14.54,-14.58,-13.32,-11.51,-10.87,-8.45
197005,-99.99,-9.49,-10.02,-5.55,-9.58,-10.62,-9.93,-8.86,-5.23,-9.65,-9.48,-9.31,-11.67,-10.14,-9.78,-9.51,-8.44,-7.02,-4.82
197006,-99.99,-8.19,-6.06,-4.81,-8.57,-7.95,-5.96,-4.28,-4.95,-8.09,-9.23,-7.48,-8.34,-5.13,-6.59,-5.36,-3.59,-4.75,-4.99
197007,-99.99,5.7,7.85,7.46,4.89,7.3,7.41,8.7,7.31,4.06,6.04,7.3,7.3,8.37,6.72,8.58,8.77,7.3,7.32
197008,-99.99,6.89,6.17,4.78,6.22,7.43,6.62,5.84,4.64,5.97,6.56,8.19,6.81,5.84,7.19,5.4,6.09,5.56,4.43
197009,-99.99,15.19,9.14,3.45,15.45,13.32,9.64,6.86,3.1,16.74,13.73,14.7,12.21,9.27,9.91,7.39,6.55,4.26,2.85
197010,-99.99,-7.47,-4.33,-1.09,-7.96,-5.17,-4.76,-3.73,-0.8,-8.81,-6.79,-6.53,-4.05,-5.08,-4.53,-3.91,-3.62,-2.11,-0.5
197011,-99.99,-0.56,3.98,5.58,-1.82,2.37,3.71,5.12,5.61,-2.81,-0.5,1.8,2.83,3.38,3.95,4.76,5.33,6.3,5.45
197012,-99.99,8.76,8.67,5.67,9.21,8.64,8.24,8.36,5.41,9.15,9.28,7.94,9.2,8.14,8.32,8.98,8,6.39,5.19
197101,-99.99,14.36,8.2,4.18,15.17,11.19,8.82,7.38,3.78,17.42,12.27,12.86,9.88,10.12,7.91,6.83,7.7,5.16,3.47
197102,-99.99,4.59,2.49,1.42,5.97,2.97,2.45,2.49,1.26,6.83,4.81,1.96,3.79,2.45,2.44,2.04,2.76,1.29,1.26
197103,-99.99,5.75,5.81,4.05,5.87,5.66,6.47,5.02,3.94,6.17,5.47,5.5,5.78,7.41,5.79,5.02,5.02,3.33,4.08
197104,-99.99,2.51,4.27,3.51,2.09,3.3,4.79,3.98,3.46,1.46,2.94,3.35,3.26,4.85,4.76,4.03,3.96,3.48,3.45
197105,-99.99,-5.74,-3.32,-3.65,-5.95,-4.58,-3.78,-3.43,-3.61,-6.51,-5.19,-5.32,-4.01,-4.27,-3.43,-2.48,-3.99,-2.68,-3.82
197106,-99.99,-2.23,-0.23,0.55,-2.21,-0.17,-1.09,0.5,0.53,-2.99,-1.17,-2.28,1.43,-1.25,-0.98,0.16,0.7,0.82,0.46
197107,-99.99,-6.26,-4.59,-3.93,-6.62,-5.47,-4.89,-4.36,-3.85,-6.72,-6.49,-5.59,-5.38,-3.63,-5.83,-3.95,-4.62,-3.79,-3.86
197108,-99.99,4.52,5.51,4.05,4.06,5.2,5.38,5.28,3.95,3.12,5.24,5.38,5.06,3.79,6.59,5.83,4.93,3.77,4
197109,-99.99,-0.55,-0.49,-0.47,-0.16,-0.85,-0.28,-0.48,-0.49,-0.2,-0.12,-1.28,-0.52,-0.74,0.06,-0.71,-0.33,-0.92,-0.39
197110,-99.99,-6.21,-5.09,-3.72,-6.56,-4.81,-6.14,-4.07,-3.69,-6.98,-6.05,-5.54,-4.24,-5.82,-6.37,-4.22,-3.97,-5.59,-3.25
197111,-99.99,-4.41,-1.52,0.41,-4.72,-2.33,-1.92,-1.37,0.64,-5.54,-3.72,-3.81,-1.22,-1.86,-1.96,-1.2,-1.49,-0.97,1
197112,-99.99,13.1,11.28,8.53,12.66,12.72,11.12,10.37,8.39,12.86,12.42,13.92,11.85,10.27,11.75,11.25,9.79,9.82,8.07
197201,-99.99,11.3,5.21,1.84,13.23,7.63,5.3,3.13,1.78,14.71,11.44,7.77,7.53,5.64,5.04,4.25,2.38,2,1.73
197202,-99.99,3.97,3.6,2.92,4.17,3.82,3.55,2.46,3.06,4.65,3.57,3.58,4,2.41,4.38,3.52,1.74,3.28,3.01
197203,-99.99,-0.27,0.93,0.91,-0.69,0.4,1.08,1.16,0.87,-0.88,-0.45,0.55,0.3,0.75,1.32,1.01,1.26,-0.32,1.13
197204,-99.99,0.66,0.46,0.57,0.19,0.97,0.28,-0.02,0.69,0.51,-0.22,1.58,0.52,0.39,0.2,0.64,-0.48,1.24,0.57
197205,-99.99,-2.73,0.62,2.01,-2.43,-1.53,-0.42,0.64,2.27,-2.83,-1.93,-3.29,-0.22,-1.11,0.08,2.1,-0.37,0.66,2.64
197206,-99.99,-3.22,-2.68,-1.95,-3.77,-2.15,-2.71,-3.5,-1.73,-4.19,-3.25,-2.16,-2.15,-3.48,-2.17,-2.83,-3.97,-3.21,-1.4
197207,-99.99,-4.02,-2.74,0.07,-4.28,-3.86,-2.32,-2.62,0.36,-3.68,-4.99,-3.49,-4.16,-2.09,-2.48,-2.74,-2.54,-2.06,0.9
197208,-99.99,0.06,2.42,3.92,-0.21,0.95,2.64,3.34,3.93,-0.12,-0.31,0.57,1.26,2.86,2.48,2.56,3.84,5.01,3.7
197209,-99.99,-3.98,-2.78,-0.31,-4.24,-3.14,-2.21,-2.17,-0.19,-4.44,-4,-3.48,-2.86,-1.87,-2.45,-3.42,-1.37,-1.96,0.19
197210,-99.99,-2.12,-0.56,1.28,-2.78,-0.54,-0.4,0.01,1.36,-3.22,-2.25,-0.87,-0.27,-0.55,-0.29,-0.84,0.54,0.92,1.45
197211,-99.99,5.12,6.32,4.74,4.61,6.03,5.44,7.43,4.46,4.31,4.97,6.06,6,5.78,5.2,7.45,7.42,6.59,4.01
197212,-99.99,-2.35,-0.78,1.42,-2.28,-1.78,-0.31,-1.02,1.68,-2.86,-1.59,-2.48,-1.21,0.17,-0.65,-1.19,-0.92,-1.13,2.29
197301,-99.99,-4.21,-6.32,-1.98,-3.82,-6.31,-6.12,-5.57,-1.63,-2.83,-4.97,-4.94,-7.4,-5.98,-6.21,-6.21,-5.17,-6.72,-0.57
197302,-99.99,-8.38,-7.02,-3.55,-8.37,-8.03,-7.75,-5.8,-3.33,-8.08,-8.71,-8.41,-7.7,-8.19,-7.43,-5.94,-5.72,-4.01,-3.2
197303,-99.99,-2.53,-2.64,-0.29,-2.6,-2.38,-2.97,-2.57,-0.05,-2.41,-2.83,-2.39,-2.37,-2.96,-2.98,-2.34,-2.71,-1.25,0.18
197304,-99.99,-7.25,-6.92,-4.22,-7.32,-7.55,-6.13,-6.46,-4.06,-7.24,-7.42,-7.12,-7.91,-5.91,-6.29,-7.5,-5.83,-5.38,-3.81
197305,-99.99,-8.96,-6.47,-1.3,-9.13,-8.49,-6.39,-5.04,-0.99,-9.37,-8.84,-8.64,-8.36,-6.45,-6.34,-5.96,-4.49,-2.56,-0.7
197306,-99.99,-3.18,-3.11,-0.59,-3.61,-3.11,-2.58,-3.15,-0.38,-3.5,-3.75,-2.39,-3.69,-3.41,-1.97,-3.53,-2.92,-3.3,0.16
197307,-99.99,12.56,9.81,4.55,12.3,12.54,9.43,9.57,4.05,12.04,12.78,13.23,11.92,9.89,9.07,9.54,9.59,7.2,3.44
197308,-99.99,-5.4,-2.82,-3.05,-5.58,-4.7,-3.38,-2.01,-3.13,-5.87,-5.06,-4.94,-4.48,-3.31,-3.44,-1.54,-2.33,-1.42,-3.47
197309,-99.99,8.63,10.27,4.44,8.16,9.67,10.08,10.22,3.87,7.36,9.57,9.83,9.53,9.94,10.2,10.76,9.86,8.83,2.86
197310,-99.99,-0.53,-0.18,-0.17,-0.42,-0.57,-0.04,-0.51,-0.12,0.02,-1.18,-0.79,-0.37,-0.99,0.73,-0.28,-0.66,-1.49,0.18
197311,-99.99,-18.83,-17.23,-10.75,-19.19,-17.85,-16.95,-16.14,-10.25,-19.5,-18.66,-17.93,-17.77,-16.72,-17.14,-17.39,-15.3,-12.05,-9.86
197312,-99.99,-3.33,0.37,1.59,-3.95,-1.38,0.25,2.65,1.36,-4.85,-2.39,-1.8,-1.01,-0.78,1.08,1,3.71,1.57,1.32
197401,-99.99,11.74,5.41,-1.02,12.76,8.55,6.33,2.73,-1.37,13.8,11,9.31,7.88,6.38,6.29,3.48,2.26,1.62,-2
197402,-99.99,0.32,0.05,0.07,-0.13,1.07,-0.05,0.56,-0.02,0.12,-0.57,1.42,0.76,0.27,-0.3,-0.07,0.96,0.24,-0.08
197403,-99.99,0.28,-2,-2.51,0.8,-0.86,-1.76,-3.11,-2.42,1.59,-0.58,-0.98,-0.74,-1.51,-1.96,-2.73,-3.35,-3.35,-2.22
197404,-99.99,-5.82,-5.97,-4.29,-5.39,-6.07,-5.8,-6.32,-4.08,-5.17,-5.78,-6.9,-5.32,-5.89,-5.73,-6.42,-6.26,-6.14,-3.63
197405,-99.99,-7.44,-7.89,-2.91,-7.22,-7.52,-8.1,-7.04,-2.52,-7.18,-7.3,-7.97,-7.11,-7.82,-8.33,-7.9,-6.49,-6.48,-1.69
197406,-99.99,-2.89,-3.49,-1.92,-2.89,-2.77,-3.73,-3.53,-1.75,-2.78,-3.08,-2.88,-2.67,-2.88,-4.43,-3.47,-3.56,-3.08,-1.48
197407,-99.99,-5.42,-4.41,-7.93,-5.6,-4.85,-3.61,-4.82,-8.28,-5.59,-5.61,-5.01,-4.71,-4.3,-3.06,-5.34,-4.53,-5.95,-8.72
197408,-99.99,-8.31,-8.87,-8.76,-8.19,-8.25,-8.58,-9.65,-8.66,-8.03,-8.46,-8.59,-7.96,-8.84,-8.38,-9.62,-9.66,-10.19,-8.37
197409,-99.99,-8.22,-8.44,-11.4,-8.05,-8.38,-8.18,-8.51,-11.73,-7.72,-8.61,-8.6,-8.18,-8.42,-7.99,-8.89,-8.29,-7.74,-12.48
197410,-99.99,8.77,12.41,17.81,8.24,9.8,10.9,15.18,18.12,7.05,10.27,9.96,9.65,9.97,11.63,15.55,14.97,18.14,18.12
197411,-99.99,-5.09,-3.67,-4,-5.62,-4.3,-3.73,-2.43,-4.22,-5.87,-5.2,-3.92,-4.63,-3.57,-3.86,-3.23,-1.97,-2.11,-4.63
197412,-99.99,-7.45,-5.17,-2.08,-7.77,-6.16,-4.91,-3.93,-1.97,-8.47,-6.61,-6.76,-5.61,-5.51,-4.44,-5.33,-3.12,-1.39,-2.09
197501,-99.99,26.94,22.76,12.25,27.5,25,22.59,20.29,11.51,26.94,28.4,25.74,24.33,24.8,20.9,22.41,19.11,15.16,10.77
197502,-99.99,4.84,4.03,6.37,4.55,4.56,4.24,3.96,6.64,4.42,4.77,5.47,3.73,3.62,4.73,3.88,4.01,4.45,7.11
197503,-99.99,7.37,5.88,2.39,8.11,6.01,5.39,5.43,2.11,8.33,7.76,5.77,6.22,5.89,4.99,6.38,4.89,2.89,1.96
197504,-99.99,3.56,4.62,4.7,3.61,3.52,4.72,4.7,4.71,3.13,4.4,3.45,3.59,4.64,4.78,4.87,4.61,4.23,4.81
197505,-99.99,7.98,6.67,5.31,8.05,7.77,5.62,6.17,5.3,7.97,8.17,7.81,7.74,5.72,5.54,7.6,5.32,5.07,5.35
197506,-99.99,7.1,5.93,5.01,6.97,6.78,5.82,7.11,4.69,7.41,6.26,7.38,6.23,5.79,5.84,5.95,7.82,6.86,4.24
197507,-99.99,-1.37,-4.14,-6.72,-0.47,-3.18,-4.13,-6,-6.71,0.75,-2.23,-3.6,-2.88,-3.86,-4.38,-4.66,-6.8,-5.77,-6.91
197508,-99.99,-5.81,-3.9,-1.92,-5.91,-4.92,-3.85,-3.47,-1.76,-5.88,-5.96,-5.56,-4.48,-3.71,-3.98,-3.72,-3.33,-2.09,-1.68
197509,-99.99,-3.39,-3.97,-3.65,-3.44,-3.71,-3.98,-4.02,-3.6,-3.36,-3.57,-3.25,-4.03,-3.76,-4.17,-3.95,-4.06,-3.22,-3.68
197510,-99.99,1.76,3.68,6.46,1.4,2.69,2.82,5.88,6.47,0.73,2.39,2.68,2.7,1.77,3.78,5.12,6.34,5.26,6.74
197511,-99.99,2.21,3,3.18,1.92,2.41,2.83,4.06,3.05,1.75,2.16,2.96,2.02,1.97,3.59,3.58,4.34,2.4,3.19
197512,-99.99,-1.1,-0.24,-1.28,-0.95,-1.26,0.01,-0.7,-1.31,-1.26,-0.49,-1.5,-1.1,-0.15,0.16,-0.2,-1,-0.02,-1.59
197601,-99.99,19.31,16.31,11.63,19.48,17.97,16.66,14.86,11.3,19.78,19.05,18.89,17.33,16.98,16.39,15.5,14.48,12.89,10.96
197602,-99.99,10.47,5.49,-0.72,11.3,8.16,5.88,3.04,-1.09,12.64,9.37,8.38,8,5.94,5.83,4.08,2.41,1.48,-1.65
197603,-99.99,1.43,1.62,2.91,1.76,1.01,1.31,1.82,3.07,1.72,1.83,0.57,1.33,1.67,1,2.11,1.64,0.82,3.58
197604,-99.99,-1.19,-1.03,-1.06,-1.3,-1.2,-0.69,-1.33,-1.02,-1.02,-1.7,-0.92,-1.4,-0.23,-1.1,-1.28,-1.36,-0.84,-1.06
197605,-99.99,-2.31,-1.42,-0.79,-2.56,-1.99,-1.31,-1.49,-0.69,-2.96,-1.97,-1.67,-2.22,-0.9,-1.68,-1.22,-1.66,-0.22,-0.79
197606,-99.99,2.56,5.04,4.62,2.43,3.46,5.61,5.38,4.49,1.95,3.15,2.89,3.86,5.39,5.81,4.82,5.72,4.92,4.39
197607,-99.99,0.19,-0.01,-0.74,0.14,0.58,-0.13,-0.14,-0.81,-0.04,0.41,0.3,0.78,0.2,-0.38,-0.19,-0.11,-0.71,-0.83
197608,-99.99,-1.85,-1.19,0.22,-1.51,-2.06,-1.64,-0.7,0.34,-1.81,-1.03,-2.65,-1.64,-1.44,-1.79,-0.43,-0.87,-0.12,0.45
197609,-99.99,2.01,2.55,2.44,1.74,3.19,2.56,2.06,2.49,1.3,2.42,2.64,3.59,2.6,2.54,2.1,2.03,2.3,2.53
197610,-99.99,-1.95,-2.04,-2.07,-1.72,-2.1,-1.79,-1.75,-2.15,-1.76,-1.66,-2.48,-1.82,-1.69,-1.87,-2.46,-1.32,-2.84,-2
197611,-99.99,3.32,3.63,0.09,2.97,3.76,4.01,3.06,-0.24,2.21,4.14,4.14,3.5,3.75,4.2,3.22,2.96,2.22,-0.8
197612,-99.99,10.04,8.27,5.45,9.95,9.63,8.23,7.49,5.23,10.54,9.04,10.26,9.19,9.43,7.33,7.91,7.24,6.94,4.83
197701,-99.99,3.78,-0.65,-4.68,4.52,1.51,-0.1,-2.5,-4.92,5.35,3.22,2.06,1.12,0.4,-0.48,-2.11,-2.74,-4.04,-5.13
197702,-99.99,-0.21,-1.55,-1.69,0.18,-0.75,-1.91,-2.18,-1.58,0.42,-0.19,-1.13,-0.47,-1.06,-2.55,-1.59,-2.55,-2.38,-1.39
197703,-99.99,0.65,0.26,-1.3,0.9,0.06,0.43,0.05,-1.46,1.09,0.59,0.05,0.06,0.39,0.47,0.12,0.01,-0.04,-1.8
197704,-99.99,2,1.66,0.16,1.93,1.93,1.71,1.58,-0.02,2.13,1.62,2.15,1.77,1.08,2.22,1.55,1.6,2.14,-0.53
197705,-99.99,0.19,-0.23,-1.28,0.35,-0.07,-0.07,-0.72,-1.34,0.71,-0.22,-0.21,0.03,0.12,-0.22,-0.56,-0.81,-0.15,-1.63
197706,-99.99,6.05,6.05,4.88,6.07,6.74,6.46,5.49,4.76,5.98,6.2,5.99,7.26,6.87,6.14,4.98,5.81,4.18,4.91
197707,-99.99,0.99,-0.77,-1.5,1.33,-0.08,-0.48,-1.73,-1.44,1.81,0.58,0.22,-0.32,-0.24,-0.67,-1.35,-1.97,-2.15,-1.27
197708,-99.99,-0.36,-1.02,-1.4,-0.38,-0.61,-0.34,-1.75,-1.38,-0.16,-0.72,-0.32,-0.85,-0.4,-0.29,-1.98,-1.61,-2.41,-1.13
197709,-99.99,1.42,0.58,-0.03,1.76,0.48,1.15,0.57,-0.16,2.13,1.18,0.62,0.36,1.92,0.51,-0.07,0.99,-0.12,-0.17
197710,-99.99,-2.36,-2.67,-4.18,-2.35,-2.53,-2.67,-3.56,-4.18,-2.24,-2.52,-2.39,-2.63,-2.21,-3.07,-2.68,-4.12,-3.84,-4.26
197711,-99.99,8.2,6.93,3.72,8.02,8.01,6.96,6.59,3.36,7.72,8.49,8.61,7.53,6.85,7.05,6.64,6.56,4.31,3.14
197712,-99.99,2.53,1.36,0.5,2.76,1.72,1.32,0.65,0.54,2.64,2.96,2,1.5,1.73,0.96,1.37,0.2,0.62,0.52
197801,-99.99,-1.48,-4.69,-6,-0.9,-3.46,-4.36,-5.49,-6.06,-0.14,-2.07,-2.86,-3.93,-4.22,-4.48,-5.47,-5.51,-5.42,-6.21
197802,-99.99,2.73,0.95,-1.61,3.38,1.39,0.97,-0.7,-1.62,3.74,2.83,1.16,1.57,1.73,0.33,0.64,-1.55,-1.88,-1.56
197803,-99.99,7.19,5.42,2.57,7.36,6.39,5.45,4.85,2.29,7.6,6.97,6.78,6.08,5.41,5.49,5.07,4.71,4.45,1.77
197804,-99.99,8.24,7.47,8.67,8.32,7.89,7.63,7.06,8.88,8.35,8.27,8.04,7.76,7.57,7.68,7.11,7.03,7.63,9.2
197805,-99.99,6.92,4.61,1.37,7.23,5.58,4.96,3.45,1.15,8.19,5.67,6.17,5.1,5.3,4.68,3.91,3.14,2.86,0.73
197806,-99.99,0.53,0.18,-1.64,0.76,0.2,0.16,-0.41,-1.75,0.81,0.68,-0.03,0.39,0.25,0.1,0.1,-0.74,-1.24,-1.88
197807,-99.99,5.49,5.77,5.61,5.28,6.52,5.06,6.55,5.45,4.86,5.87,5.96,6.94,5.3,4.85,6.16,6.82,5.16,5.52
197808,-99.99,8.71,6.67,3.35,9.01,8.22,7.14,5.13,3.12,10.41,7.1,8.02,8.36,6.9,7.36,5.18,5.1,3.59,3
197809,-99.99,-0.62,-1.46,-0.64,-0.3,-1.28,-1.34,-1.29,-0.59,0.36,-1.22,-1.39,-1.2,-1.05,-1.6,-1.76,-0.97,-0.71,-0.56
197810,-99.99,-20.55,-16.55,-9.04,-20.84,-19.18,-17.17,-13.73,-8.49,-20.85,-20.83,-19.83,-18.72,-18.02,-16.41,-14.57,-13.18,-11.83,-7.62
197811,-99.99,5.59,4.45,3.05,5.13,6.18,4.82,3.17,3.04,4.42,6.13,6.68,5.83,5.9,3.88,3.27,3.11,3.2,3
197812,-99.99,1.91,1.96,1.62,1.9,2.52,2.11,1.24,1.67,1.96,1.82,1.95,2.92,2.46,1.8,1.27,1.23,0.46,1.97
197901,-99.99,9.4,6.93,4.12,9.66,8.19,7.33,6.17,3.84,10.05,9.12,8.77,7.79,6.9,7.7,5.94,6.32,5.25,3.5
197902,-99.99,-2.1,-2.71,-2.94,-2.1,-2.65,-2.47,-3.44,-2.83,-1.58,-2.84,-2.08,-3.05,-1.75,-3.1,-2.86,-3.81,-2.68,-2.86
197903,-99.99,8.7,8.77,5.75,8.41,9.22,9.54,8.21,5.38,8.01,8.97,9.41,9.09,10.03,9.09,7.51,8.65,7.53,4.85
197904,-99.99,2.49,2.15,0.29,3.04,2.27,1.77,1.46,0.2,3.19,2.84,1.16,3.05,2.22,1.35,2.24,0.97,-0.14,0.29
197905,-99.99,-0.74,-1.4,-1.42,-0.56,-1.16,-1.7,-0.9,-1.5,0.26,-1.72,-1.18,-1.15,-1.49,-1.89,-1.1,-0.78,0.26,-1.95
197906,-99.99,5.76,5.72,4.35,5.41,6.48,5.32,6.36,4.04,5.35,5.48,6.64,6.38,6.07,4.62,5.93,6.62,5.98,3.54
197907,-99.99,2.49,3.49,1.09,2.36,3.08,3.57,2.55,0.97,1.81,3.1,2.78,3.33,2.98,4.1,3.44,1.98,2.78,0.5
197908,-99.99,7.6,7.43,5.88,7.49,7.77,7.27,7.22,5.72,7.29,7.74,7.85,7.7,8.09,6.54,7.53,7.02,6.06,5.63
197909,-99.99,-0.65,-0.11,0.09,-0.47,-0.44,-0.46,-0.58,0.27,-0.63,-0.26,-1.03,0.05,0.44,-1.27,0.3,-1.13,0.12,0.31
197910,-99.99,-10.84,-9.21,-6.42,-10.59,-10.67,-9.18,-8.65,-6.12,-10.26,-11.02,-11.38,-10.08,-9.33,-9.04,-8.83,-8.54,-7.95,-5.63
197911,-99.99,7.87,8.26,5.68,7.5,8.34,8.4,7.64,5.45,7.07,8.06,8.65,8.08,9.28,7.6,8.14,7.32,6.77,5.11
197912,-99.99,7.25,4.79,1.82,7.62,6.44,4.45,3.68,1.63,8.47,6.51,6.45,6.44,5.21,3.75,4.49,3.17,3.85,1.05
198001,-99.99,9.33,6.54,5.94,10.21,7,6.74,6.22,5.9,11.58,8.35,7.47,6.62,6.95,6.54,6.24,6.2,6.12,5.84
198002,-99.99,-1.01,-2.6,0.17,-0.96,-1.87,-2.77,-2.33,0.53,-0.54,-1.54,-1.13,-2.48,-2.37,-3.14,-2.42,-2.27,-2.97,1.45
198003,-99.99,-18.4,-15.54,-9.99,-18.75,-17.2,-16.05,-13.47,-9.56,-19.13,-18.22,-17.63,-16.85,-17.41,-14.75,-14.19,-13.03,-10.14,-9.42
198004,-99.99,6.2,6.54,4.73,6.14,6.02,7.32,6.56,4.43,5.24,7.38,6.33,5.77,6.58,8,5.83,7.01,4.88,4.31
198005,-99.99,7.36,8.57,5.42,6.86,8.82,7.78,8.37,5.1,6.6,7.22,8.43,9.15,8.11,7.48,9.39,7.75,5.96,4.88
198006,-99.99,4.44,4.96,3.24,4.58,4.86,4.81,4.94,3,4.44,4.76,4.15,5.45,5.37,4.3,4.93,4.95,3.77,2.8
198007,-99.99,10.11,9.43,6.2,9.91,10.75,9.23,7.72,6.11,9.33,10.67,10.48,10.96,9.21,9.24,8.94,6.89,8.16,5.57
198008,-99.99,7.26,4.32,1.52,7.8,5.9,4.32,2.36,1.53,8.18,7.32,6.27,5.61,4,4.56,3.68,1.45,2.53,1.26
198009,-99.99,3.97,3.14,2.88,4.24,3.06,3.23,3.05,2.87,4.49,3.9,3.47,2.73,3.29,3.18,3.23,2.93,3.62,2.67
198010,-99.99,4.61,1.97,1.74,5.15,3.37,2.31,0.83,1.87,6.11,3.9,3.58,3.21,3.2,1.64,0.9,0.78,1.56,1.96
198011,-99.99,7.78,8.33,11.49,7.57,8.32,6.99,8.32,12.07,7.56,7.59,8.19,8.42,5.8,7.9,10.03,7.08,9.24,12.83
198012,-99.99,-4.2,-2.47,-3.14,-4.58,-2.75,-2.62,-2.18,-3.28,-4.42,-4.8,-3.47,-2.18,-2.18,-2.94,-2.42,-2,-2.07,-3.6
198101,-99.99,-0.64,-2.05,-4.91,-0.49,-1.25,-1.61,-2.86,-5.18,-0.03,-1.12,-0.91,-1.5,-1.03,-2.06,-2.87,-2.86,-3.87,-5.52
198102,-99.99,0.02,1.91,1.88,-0.39,1.68,2.02,2.29,1.76,-0.44,-0.33,0.79,2.36,1.78,2.2,1.54,2.83,1.28,1.89
198103,-99.99,7.64,8.1,3.42,7.53,7.79,7.86,8.19,2.84,7.16,8.04,7.83,7.76,7.07,8.45,8.57,7.91,7.36,1.61
198104,-99.99,3.39,1.84,-2.05,3.86,3.22,2.2,0,-2.29,3.57,4.25,2.52,3.75,2.37,2.07,0.43,-0.31,-0.65,-2.75
198105,-99.99,3.48,2.98,0.56,3.47,3.43,2.89,2.25,0.39,3.43,3.53,3.5,3.37,2.78,2.98,2.89,1.78,1.71,0.01
198106,-99.99,-1.75,-2.18,-0.4,-1.52,-2.58,-1.83,-1.49,-0.32,-1.57,-1.45,-2.19,-2.88,-1.12,-2.35,-2.27,-0.93,-2.04,0.18
198107,-99.99,-2.54,-1.81,0.38,-2.77,-2.13,-1.79,-1.04,0.52,-2.46,-3.19,-2.04,-2.19,-1.46,-2.06,-1.66,-0.58,-1.07,0.98
198108,-99.99,-8.13,-6.3,-5.33,-8.34,-7.35,-6.45,-5.29,-5.38,-8.44,-8.22,-7.67,-7.12,-5.98,-6.85,-5.71,-4.98,-5.88,-5.23
198109,-99.99,-9.1,-6.43,-5.5,-9.48,-7.35,-6.41,-6.75,-5.29,-10.16,-8.58,-8.31,-6.64,-7.37,-5.6,-6.35,-7.04,-5.7,-5.17
198110,-99.99,7.97,7.08,5.75,7.85,8.2,7.22,6.4,5.65,7.36,8.49,8.21,8.2,7.34,7.13,6.35,6.44,7.34,5.17
198111,-99.99,2.61,3.73,4.77,2.05,3.95,2.75,4.76,4.78,1.16,3.2,3.79,4.07,3.51,2.11,4.83,4.71,3.94,5.03
198112,-99.99,-1.72,-2.07,-3.04,-1.83,-1.78,-2.04,-2.52,-3.07,-2.12,-1.47,-1.49,-1.99,-1.63,-2.4,-2.13,-2.81,-2.49,-3.23
198201,-99.99,-2.18,-4.24,-2,-1.87,-3.6,-3.86,-3.91,-1.82,-1.24,-2.67,-2.82,-4.16,-4.52,-3.29,-4.75,-3.28,-2.98,-1.49
198202,-99.99,-4.52,-4.22,-5.22,-4.47,-4.34,-4.04,-3.86,-5.47,-4.36,-4.62,-4.62,-4.14,-4.82,-3.37,-4.48,-3.4,-4.51,-5.74
198203,-99.99,-1.02,-0.58,-0.88,-1.15,-0.87,-0.27,-1,-0.84,-1.18,-1.1,-0.75,-0.95,-0.21,-0.31,-0.8,-1.15,-1.11,-0.77
198204,-99.99,5.32,5.22,4.17,5.31,5.78,5.39,5,4.01,4.79,5.96,5.33,6.1,5.54,5.27,4.54,5.34,5.23,3.65
198205,-99.99,-2.09,-3.21,-2.79,-1.77,-3.27,-2.5,-4,-2.61,-1.86,-1.65,-2.73,-3.65,-2.4,-2.58,-3.93,-4.04,-4.39,-2.09
198206,-99.99,-2.86,-2.28,-1.96,-2.93,-2.19,-2.36,-2.11,-1.97,-2.73,-3.19,-2.71,-1.81,-2.82,-1.97,-2.4,-1.9,-2.72,-1.76
198207,-99.99,-1.89,-1.57,-2.27,-1.87,-0.91,-1.76,-2.88,-2.12,-1.71,-2.09,-1.92,-0.13,-1.46,-1.99,-2.08,-3.44,-3.62,-1.72
198208,-99.99,6.2,10.91,12.58,5.49,8.14,11.18,12.55,12.52,4.42,6.98,7.64,8.51,11.1,11.24,11.84,13.04,12.26,12.59
198209,-99.99,3.83,3.44,1.26,3.64,4.11,3.9,2.99,0.99,3.2,4.24,4.22,4.03,4.67,3.33,2.48,3.34,1.54,0.85
198210,-99.99,14.28,14.29,11.03,13.98,13.96,13.95,14.06,10.74,12.95,15.39,14.87,13.29,13.74,14.11,15.32,13.2,11.76,10.47
198211,-99.99,9.63,8.19,4.17,10.18,8.79,8.41,6.34,3.97,11.76,8.07,8.54,8.97,8.95,8,7.46,5.57,5.04,3.7
198212,-99.99,1.71,0.56,1.38,1.99,0.63,0.52,1.38,1.32,2.03,1.94,1.12,0.26,0.45,0.58,0.78,1.8,1.05,1.39
198301,-99.99,8.87,4.52,3.67,10.2,6.46,4.49,3.55,3.67,11.58,8.3,6.11,6.73,5.02,4.09,3.39,3.66,2.75,3.91
198302,-99.99,5.7,4.84,2.54,5.36,5.93,5.1,3.27,2.52,5.35,5.37,6.43,5.56,5.56,4.75,4.07,2.7,3,2.4
198303,-99.99,5.02,3.97,3.21,5.2,3.97,4.7,3.02,3.26,5.63,4.58,4.64,3.47,4.95,4.51,3.18,2.9,3.75,3.13
198304,-99.99,8,7.14,7.32,8.15,8.24,6.77,6.54,7.45,7.92,8.5,7.69,8.66,6.89,6.67,6.86,6.31,6.59,7.68
198305,-99.99,8.42,4.36,-0.54,9.56,5.48,4.14,3.8,-1.08,10.34,8.42,5.98,5.11,3.87,4.35,4.25,3.47,2.21,-1.93
198306,-99.99,4.2,4.32,3.61,4.07,4.63,4.08,3.31,3.77,4.6,3.29,4.48,4.74,4.76,3.57,4.43,2.49,3.54,3.83
198307,-99.99,-2.19,-3.36,-3.45,-2.23,-3.04,-2.96,-3.37,-3.49,-2.47,-1.91,-2.11,-3.84,-2.47,-3.35,-3.66,-3.15,-3.32,-3.54
198308,-99.99,-3.22,-2.1,1.47,-3.07,-3.11,-2.65,-0.13,1.6,-3.26,-2.82,-3.52,-2.75,-3.2,-2.21,-1.03,0.55,-0.29,2.13
198309,-99.99,0.71,3.18,1.42,-0.22,2.58,3.3,2.43,1.36,-0.8,0.54,2.59,2.58,2.5,3.95,3.31,1.77,2.21,1.14
198310,-99.99,-6.02,-4.94,-1.57,-6.05,-6.29,-4.89,-3.7,-1.32,-5.94,-6.2,-5.95,-6.59,-5.6,-4.32,-4.21,-3.33,-2.35,-1.04
198311,-99.99,3.43,4.9,2.16,3.13,5.1,4.83,4.73,1.77,2.57,3.87,4.03,6.04,4.41,5.16,4.44,4.94,2.42,1.59
198312,-99.99,-1.5,-1.76,-0.69,-1.82,-1.38,-1.72,-2.01,-0.47,-2.19,-1.35,-0.88,-1.8,-1.85,-1.61,-1.79,-2.17,-1.64,-0.16
198401,-99.99,-0.48,-3.16,-0.6,-0.03,-1.39,-3.56,-3.34,-0.22,0.71,-0.98,-1.35,-1.43,-2.54,-4.37,-3.47,-3.25,-1.23,0.05
198402,-99.99,-5.5,-5.53,-3.4,-5.66,-4.87,-5.76,-5.03,-3.24,-5.63,-5.71,-5.17,-4.62,-5.49,-5.97,-5.69,-4.54,-5.12,-2.74
198403,-99.99,0.79,1.48,1.16,0.66,0.81,1.32,1.84,1.09,0.37,1.03,1.07,0.6,1.62,1.08,2.12,1.64,2.46,0.74
198404,-99.99,-1.27,-0.29,0.81,-1.74,-0.12,-0.19,-1.61,1.25,-2.45,-0.82,-0.34,0.08,-0.02,-0.32,-0.62,-2.33,-0.86,1.8
198405,-99.99,-4.96,-5.4,-5.04,-5.13,-5.12,-5.56,-5.27,-5,-5.17,-5.08,-4.62,-5.54,-6.14,-5.11,-5.13,-5.37,-5.34,-4.91
198406,-99.99,2.05,3.5,2.85,1.81,3.18,3.4,3.42,2.79,0.87,3,2.51,3.76,3.55,3.28,3.5,3.36,3.21,2.68
198407,-99.99,-4.86,-3.55,-1.13,-4.89,-4.13,-3.2,-3.52,-0.84,-5.45,-4.19,-4.78,-3.62,-3.6,-2.87,-3.99,-3.18,-1.52,-0.65
198408,-99.99,10.11,12.11,11,9.02,11.92,12.79,12.27,10.75,7.76,10.61,12.6,11.41,13.04,12.58,11.56,12.79,11.07,10.67
198409,-99.99,-0.43,-0.03,0.17,-0.27,-0.65,0.23,0.49,0.07,-0.14,-0.43,-0.77,-0.55,0.53,-0.02,-0.11,0.92,0.61,-0.09
198410,-99.99,-1.78,-0.73,0.61,-2.09,-0.89,-0.55,0.19,0.56,-2.23,-1.92,-1.08,-0.73,0.15,-1.13,-0.98,1.01,1.06,0.41
198411,-99.99,-2.78,-0.84,-0.86,-2.84,-2.22,-0.28,-0.83,-0.89,-3.78,-1.7,-2.63,-1.9,-0.3,-0.26,-1.04,-0.69,-0.02,-1.14
198412,-99.99,1.37,2.43,2.64,0.9,2.06,2.78,2.72,2.58,0.11,1.86,2.36,1.82,2.93,2.65,2.25,3.05,3.31,2.37
198501,-99.99,12.82,10.88,7.51,12.71,12.29,10.49,9.81,7.3,12.91,12.48,13.05,11.69,10.61,10.39,10.99,9,6.92,7.41
198502,-99.99,3.17,1.39,1.74,3.55,2.53,1.07,1.62,1.71,4.31,2.66,2.35,2.68,1.63,0.6,1.14,1.94,2.08,1.6
198503,-99.99,-1.67,-0.92,0.2,-1.43,-1.82,-1.21,-0.21,0.26,-1.32,-1.55,-2.18,-1.53,-0.97,-1.41,-0.16,-0.25,1.13,0.01
198504,-99.99,-0.79,-0.41,-0.12,-0.53,-0.62,-0.16,-0.53,-0.11,-0.94,-0.02,-1.34,-0.04,0.2,-0.46,-0.97,-0.23,-0.24,-0.07
198505,-99.99,3.32,4.78,6.29,2.84,4.16,4.9,5.73,6.29,2.37,3.4,4.35,4.01,5.13,4.7,5.03,6.22,7.34,5.99
198506,-99.99,1.83,2.5,1.68,1.81,2.65,2.75,2.01,1.6,1.65,1.99,1.88,3.25,2.78,2.72,1.72,2.21,2.47,1.34
198507,-99.99,2.7,1.41,-0.81,2.59,2.84,1.69,-0.06,-0.87,2.42,2.8,2.94,2.78,1.66,1.72,0.4,-0.4,-1.68,-0.62
198508,-99.99,-0.55,-0.53,-0.43,-0.48,-0.43,-0.88,-0.4,-0.42,-0.45,-0.51,-0.7,-0.24,-1.01,-0.78,-0.22,-0.53,-0.48,-0.4
198509,-99.99,-5.68,-5.04,-3.39,-5.69,-5.65,-4.69,-5.09,-3.15,-6.07,-5.24,-5.67,-5.63,-5.15,-4.32,-5.19,-5.01,-4.49,-2.73
198510,-99.99,2.89,4.11,4.99,2.25,4.21,3.59,5.23,4.9,1.25,3.45,4.23,4.2,3.95,3.3,4.74,5.61,6.47,4.42
198511,-99.99,6.35,7.46,7.03,5.78,7.62,6.97,7.18,7.1,4.59,7.18,7.52,7.69,7.7,6.39,7.97,6.58,7.15,7.08
198512,-99.99,4.19,3.98,4.75,3.81,4.32,4.21,3.95,4.85,3.17,4.55,4.95,3.88,4.52,3.97,3.74,4.12,3.96,5.12
198601,-99.99,2.91,1.95,0.68,3.77,1.32,2.31,1.76,0.53,4.88,2.53,1.18,1.43,2.24,2.36,1.76,1.76,2.75,-0.16
198602,-99.99,7.08,7.33,7.83,6.42,7.68,7.37,7.74,7.8,5.91,7,8.43,7.14,8.05,6.82,7.38,8.02,8.65,7.53
198603,-99.99,4.71,5.93,5.44,4.85,4.62,5.67,5.34,5.61,4.13,5.66,4.43,4.76,4.48,6.63,6.82,4.23,4.51,5.97
198604,-99.99,1.43,0.35,-1.31,1.81,1.18,1.16,-0.99,-1.38,1.8,1.82,0.64,1.58,1.94,0.53,-1.26,-0.78,-2.54,-1.01
198605,-99.99,3.7,4.89,5.42,3.94,4.01,5.02,5.14,5.43,3.48,4.46,3.19,4.59,4.6,5.36,4.88,5.33,5.68,5.36
198606,-99.99,0.91,0.99,1.82,0.89,1.18,0.95,1.39,1.82,1.13,0.63,0.97,1.33,0.5,1.31,0.87,1.78,1.45,1.94
198607,-99.99,-8.76,-7.54,-5.22,-8.35,-8.83,-8.13,-6.6,-5,-8.13,-8.61,-9.59,-8.28,-9.29,-7.24,-6.34,-6.78,-5.36,-4.88
198608,-99.99,1.51,5.85,7.26,0.73,3.88,5.57,7.39,7.2,0.03,1.51,3.12,4.41,4.14,6.62,6.99,7.67,7.1,7.23
198609,-99.99,-6.49,-6.4,-8.74,-6.49,-6.62,-6.36,-7.01,-8.91,-6.19,-6.83,-6.48,-6.72,-6.43,-6.31,-6.3,-7.51,-8.25,-9.13
198610,-99.99,2.56,4.1,5.65,1.9,4.02,3.2,5.65,5.61,1.43,2.42,3.86,4.14,3.18,3.22,5.32,5.88,6.53,5.32
198611,-99.99,-0.75,0.22,2.13,-0.94,-0.44,0.02,0.82,2.33,-1.29,-0.56,-0.37,-0.49,0.25,-0.15,0.83,0.81,1.38,2.63
198612,-99.99,-3.37,-2.56,-2.75,-3.75,-2.71,-2.22,-3.35,-2.62,-4.19,-3.28,-2.64,-2.76,-2.05,-2.34,-2.92,-3.65,-3.7,-2.27
198701,-99.99,11.25,12.37,13.08,10.84,11.98,11.79,12.84,13.16,10.75,10.95,12.04,11.93,11.52,11.99,13.33,12.5,12.62,13.33
198702,-99.99,7.75,6.71,3.98,8.05,7.86,6.73,5.55,3.79,8.08,8.02,7.17,8.35,6.75,6.71,5.91,5.3,4.82,3.47
198703,-99.99,2.55,1.52,2.16,2.63,1.83,1.36,1.4,2.3,3.34,1.87,2.4,1.44,1.8,1.04,1.77,1.14,1.1,2.67
198704,-99.99,-2.1,-2.35,-1.47,-2.11,-3.03,-2.56,-2.64,-1.19,-1.97,-2.25,-2.08,-3.7,-3.18,-2.1,-1.42,-3.51,-2.29,-0.85
198705,-99.99,-0.25,0.27,0.73,-0.28,-0.74,0.5,0.53,0.77,-0.1,-0.49,-0.2,-1.13,0.77,0.31,0.63,0.46,0.09,0.98
198706,-99.99,1.78,3.17,5.08,1.43,2.68,3.22,3.85,5.18,1.72,1.09,2.42,2.87,2.79,3.52,3.26,4.29,5.18,5.19
198707,-99.99,2.49,4.28,4.54,2.33,3.14,4.4,4.89,4.46,2.06,2.65,2.84,3.37,4.03,4.71,4.52,5.16,4.94,4.32
198708,-99.99,2.32,3.57,4.2,1.64,3.66,3.19,3.55,4.34,1,2.4,3.85,3.52,4.28,2.26,4.13,3.13,3.33,4.65
198709,-99.99,-1.99,-1.84,-2.22,-1.83,-2.09,-2.32,-1.43,-2.29,-1.18,-2.58,-2.34,-1.89,-2.18,-2.45,-1.14,-1.64,-2.44,-2.24
198710,-99.99,-29.41,-27.14,-20.77,-29.63,-29.23,-27.06,-25.12,-20.31,-28.92,-30.48,-28.93,-29.45,-28.12,-26.15,-26.23,-24.32,-22.27,-19.72
198711,-99.99,-5.1,-4.38,-8.25,-5.35,-4.91,-3.99,-5.27,-8.55,-5.32,-5.4,-4.55,-5.18,-4.2,-3.82,-4.58,-5.75,-6.46,-9.16
198712,-99.99,4.63,8.82,6.98,3.65,8.08,8.3,8.58,6.85,1.64,6.09,6.77,9.11,8.37,8.24,9.42,7.98,7.83,6.56
198801,-99.99,5.85,3.8,4.68,6.37,4.1,4.33,3.7,4.75,7.4,5.17,4.76,3.6,3.54,4.96,3.16,4.09,5.95,4.39
198802,-99.99,6.66,7.98,4.39,6.44,8.42,7.75,7.6,4,6.11,6.85,7.1,9.44,7.9,7.63,7.69,7.53,4.89,3.73
198803,-99.99,4.23,1.66,-3.18,4.55,3.6,1.58,0.67,-3.66,4.3,4.84,3.56,3.64,2.27,1.03,0.92,0.49,-1.92,-4.2
198804,-99.99,1.79,0.91,0.94,1.69,2.51,0.71,0.52,0.98,1.13,2.35,2.02,2.87,0.88,0.57,0.32,0.67,0.6,1.09
198805,-99.99,-2.34,-0.83,0.78,-2.2,-2.55,-0.47,-0.09,0.85,-2.37,-1.99,-2.66,-2.46,-1.13,0.06,-0.6,0.27,-0.34,1.22
198806,-99.99,6.02,6.9,4.75,5.34,7.51,6.42,6.74,4.54,5.08,5.65,7.45,7.56,6.58,6.3,7.29,6.36,5.08,4.38
198807,-99.99,-0.19,-1.79,-0.53,-0.09,-0.69,-1.85,-1.78,-0.36,0.09,-0.33,-0.37,-0.97,-1.38,-2.27,-2.05,-1.6,-1.58,-0.01
198808,-99.99,-2.22,-2.31,-2.88,-2.42,-2.57,-2.47,-1.77,-3.04,-2.24,-2.66,-1.87,-3.18,-2.91,-2.07,-1.75,-1.79,-2.7,-3.14
198809,-99.99,2.16,3,4.28,1.62,2.73,2.59,3.2,4.5,1.1,2.33,3.16,2.35,2.91,2.31,3.81,2.8,5.09,4.33
198810,-99.99,-1.2,0.03,2.5,-1.61,-0.8,0.08,0.32,2.84,-1.7,-1.47,-0.46,-1.1,0.13,0.04,0.42,0.25,1.65,3.18
198811,-99.99,-3.74,-2.19,-1.43,-4.02,-2.86,-2.42,-2.16,-1.29,-4.36,-3.54,-3.25,-2.52,-2.16,-2.66,-1.75,-2.43,-2.65,-0.9
198812,-99.99,3.21,2.99,1.85,2.37,3.99,3.6,2.15,1.8,2.11,2.73,4.69,3.38,3.76,3.47,2.04,2.22,1.92,1.76
198901,-99.99,4.96,5.35,7.04,4.95,4.6,5.31,5.94,7.19,4.93,4.97,4.97,4.27,4.43,6.08,5.82,6.03,7.2,7.19
198902,-99.99,0.72,0.33,-2.3,0.45,1.34,0.4,-0.06,-2.63,0.36,0.57,1.18,1.48,0.46,0.34,-0.2,0.03,-1.47,-2.96
198903,-99.99,2.26,1.7,2.35,2.22,2.13,2.13,1.45,2.43,1.87,2.69,2.35,1.93,3.78,0.72,1.04,1.73,2.47,2.42
198904,-99.99,3.38,5.32,5.15,2.8,4.57,5.14,5.29,5.17,2.86,2.72,4.38,4.73,5.38,4.93,5.79,4.96,4.86,5.26
198905,-99.99,3.26,4.33,4.16,3.07,3.72,4.72,3.97,4.19,2.92,3.28,3.58,3.84,4.73,4.71,4.01,3.93,4.85,4
198906,-99.99,-1.58,-1.03,-0.42,-1.35,-1.98,-1.04,-0.11,-0.51,-1.15,-1.62,-1.98,-1.98,-1.34,-0.77,-0.66,0.27,0.34,-0.76
198907,-99.99,3.53,5.43,8.8,2.81,4.43,4.79,7.49,8.91,2.63,3.04,4.74,4.19,4.85,4.74,6.79,7.97,8.01,9.18
198908,-99.99,2.44,3.51,1.88,1.86,3.3,3.24,3.43,1.72,1.97,1.72,3.4,3.21,3.08,3.37,3.97,3.07,3.45,1.22
198909,-99.99,0.18,-0.44,-0.02,0.19,0.56,-0.3,-1.49,0.22,-0.08,0.54,0.15,0.89,0.24,-0.73,-1.2,-1.69,-0.51,0.44
198910,-99.99,-5.62,-5.18,-2.29,-5.71,-6.02,-5.21,-4.61,-1.96,-5.69,-5.73,-5.48,-6.44,-5.45,-5.03,-4.57,-4.65,-4.61,-1.17
198911,-99.99,0.04,0.93,2.03,-0.57,0.59,1.44,1.52,2.02,-1.22,0.24,1.03,0.24,1.17,1.66,0.62,2.12,1.17,2.25
198912,-99.99,-0.62,0.75,2.24,-1.49,0.48,0.24,1.95,2.24,-2.15,-0.69,0.75,0.27,-0.44,0.8,1.56,2.21,1.74,2.38
199001,-99.99,-7.5,-7.96,-7.01,-6.67,-8.8,-8.25,-7.98,-6.81,-5.56,-8.01,-8.8,-8.8,-9.19,-7.5,-7.26,-8.45,-6.85,-6.8
199002,-99.99,2.75,2.29,1.44,1.89,3.13,2.86,1.93,1.35,1.22,2.72,4.12,2.32,2.93,2.8,1.6,2.16,1.95,1.18
199003,-99.99,3.34,3.14,2.25,2.34,3.97,2.69,2.59,2.3,2.02,2.74,4.89,3.2,3.74,1.88,3.66,1.87,1.19,2.61
199004,-99.99,-2.51,-4.25,-2.39,-2.76,-3.61,-3.6,-4.5,-2.13,-2.14,-3.51,-2.13,-4.85,-3.3,-3.83,-4.77,-4.31,-3.97,-1.62
199005,-99.99,6.2,8.09,9.44,4.95,7.33,7.78,9.27,9.45,4.03,6.08,8.08,6.69,6.77,8.58,9.05,9.41,9.3,9.49
199006,-99.99,0.19,-0.26,-0.61,0.63,-0.29,0.23,-0.85,-0.58,1.34,-0.21,-0.46,-0.13,1.05,-0.41,-0.88,-0.83,-1.65,-0.3
199007,-99.99,-4.26,-3.1,-0.6,-4.31,-4.18,-3.75,-2.25,-0.34,-4,-4.63,-4.17,-4.19,-3.77,-3.74,-1.69,-2.59,-1.91,0.08
199008,-99.99,-13.19,-11.36,-8.86,-13.15,-12.84,-11.94,-10.14,-8.69,-12.46,-13.86,-13.25,-12.56,-12.48,-11.54,-10,-10.22,-9.36,-8.51
199009,-99.99,-8.93,-7.54,-4.89,-9,-9.07,-8.21,-7.2,-4.5,-8.58,-9.43,-8.82,-9.25,-9.5,-7.24,-5.84,-8.04,-6.28,-4.04
199010,-99.99,-6.33,-4.19,-0.36,-6.63,-5.76,-4.59,-3.01,-0.05,-6.99,-6.26,-5.88,-5.68,-5.69,-3.78,-3.01,-3.01,-2.28,0.52
199011,-99.99,4.41,8.47,6.77,2.89,7.4,9.07,8.97,6.44,1.62,4.19,6.72,7.88,9.22,8.95,7.99,9.58,9.69,5.64
199012,-99.99,1.35,4.77,2.84,0.14,4.43,4.79,4.07,2.72,-1.17,1.45,3.12,5.36,4.52,4.97,4.47,3.83,4.03,2.39
199101,-99.99,8.04,7.31,4.64,7.8,7.91,7.85,6.16,4.49,7.27,8.33,8.38,7.58,9.18,6.9,6.5,5.95,6.1,4.07
199102,-99.99,11.89,9.94,7.06,12.83,11.18,9.28,8.67,6.97,12.89,12.77,10.56,11.61,10.06,8.71,10.01,7.84,7.96,6.71
199103,-99.99,7.49,4.53,2.58,8.07,6.21,4.88,3.95,2.37,9.65,6.54,6.65,5.92,5.24,4.62,3.43,4.28,2.88,2.24
199104,-99.99,0.84,0.23,0.24,1.26,0.34,0.37,0.81,0.1,2.69,-0.17,0.23,0.41,1.08,-0.16,-0.04,1.35,1.62,-0.3
199105,-99.99,3.82,4.33,4.07,3.2,4.29,4.31,4.98,3.92,2.62,3.8,4.73,3.99,4.35,4.27,4.52,5.27,4.93,3.65
199106,-99.99,-4.39,-4.09,-4.56,-4.54,-4.31,-4.07,-4.64,-4.5,-4.02,-5.07,-4.18,-4.4,-3.75,-4.31,-3.96,-5.06,-5.57,-4.2
199107,-99.99,3.45,4.99,4.76,3.25,3.98,5.28,4.65,4.79,2.18,4.11,3.72,4.2,4.92,5.57,4.95,4.48,4.72,4.81
199108,-99.99,3.19,3.55,2.62,3.09,3.65,4.35,2.46,2.63,1.87,4.06,3.31,3.94,4.98,3.87,2.32,2.54,2.66,2.62
199109,-99.99,1.31,-0.52,-1.4,1.28,0.5,-0.52,-0.61,-1.5,0.89,1.59,1.34,-0.2,-0.17,-0.79,-0.66,-0.58,-0.92,-1.65
199110,-99.99,3.33,1.97,1.52,3.94,2.34,2.53,1.83,1.43,2.32,5.19,2.55,2.17,2.71,2.38,1.14,2.23,2.39,1.18
199111,-99.99,-4.25,-4.24,-3.6,-3.23,-5.07,-4.61,-3.73,-3.57,-1.24,-4.73,-5.56,-4.65,-5.46,-3.93,-3.56,-3.83,-4.67,-3.29
199112,-99.99,5.91,10.42,11.63,4.91,8.37,11.05,10.91,11.66,2.8,6.55,7.22,9.36,10.67,11.34,10.05,11.41,11.74,11.64
199201,-99.99,11.26,3.69,-1.84,13.88,7.34,4.49,1.21,-2.24,16.68,11.78,7.88,6.88,5.27,3.88,1.2,1.22,-0.09,-2.78
199202,-99.99,3.5,2.44,0.98,4.36,2.4,2.73,2.01,0.85,5.13,3.75,2.34,2.45,2.39,3,2.04,1.99,2.15,0.51
199203,-99.99,-3.35,-2.69,-2.08,-3.03,-3.65,-2.38,-2.97,-1.94,-1.09,-4.58,-3.79,-3.53,-2.5,-2.29,-2.72,-3.12,-2.32,-1.84
199204,-99.99,-4.83,-1.44,2.62,-5.04,-3.85,-1.68,0.9,2.77,-5.21,-4.91,-4.54,-3.27,-1.07,-2.14,-0.26,1.57,2.04,2.95
199205,-99.99,0.13,0.88,0.63,0.05,0.74,0.92,0.56,0.65,0.24,-0.1,0.23,1.17,0.79,1.02,0.7,0.48,0.58,0.67
199206,-99.99,-4.63,-3.03,-1.62,-5.09,-3.73,-2.94,-2.02,-1.63,-4.71,-5.4,-4,-3.5,-3.23,-2.71,-2.94,-1.51,-1.7,-1.61
199207,-99.99,3.34,4.11,4.15,2.81,3.66,4.65,4.27,4.1,2.44,3.11,4.11,3.3,4.09,5.06,3.76,4.58,4.1,4.1
199208,-99.99,-2.99,-2.59,-1.98,-3.21,-2.61,-2.71,-2.16,-1.97,-3.29,-3.15,-2.66,-2.57,-3.34,-2.25,-2.43,-2,-2.52,-1.83
199209,-99.99,2.01,1.98,1.29,1.02,2.63,2.63,1.5,1.23,0.76,1.22,3.44,1.96,2,3.08,1.1,1.74,2.62,0.88
199210,-99.99,2.83,3.2,0.73,2.36,3.49,3.54,2.94,0.43,1.34,3.16,3.49,3.5,3.86,3.3,2.61,3.14,1.89,0.05
199211,-99.99,8.8,6.27,3.61,9.05,7.84,7.1,4.83,3.45,7.42,10.3,8.46,7.32,7.38,6.91,4.61,4.95,4.53,3.16
199212,-99.99,3.45,3.39,1.36,3.85,3.23,3.67,2.95,1.16,4.87,3.08,2.89,3.52,3.5,3.8,2.92,2.97,1.16,1.15
199301,-99.99,4.62,1.94,0.63,5.49,2.87,2.01,2.2,0.38,7.93,3.63,3.39,2.42,2.5,1.65,1.62,2.55,1.9,-0.03
199302,-99.99,-3.21,-1.16,1.02,-3.37,-2.6,-1.52,-0.05,1.15,-2.03,-4.44,-2.97,-2.29,-1.39,-1.62,-0.09,-0.02,0.81,1.25
199303,-99.99,3.01,3.81,2.23,3.14,2.73,4.23,3.5,2.08,3.64,2.75,2.82,2.66,3.52,4.76,3.75,3.35,3.06,1.81
199304,-99.99,-2.7,-2.66,-2.84,-2.61,-2.83,-2.62,-2.87,-2.81,-1.64,-3.4,-2.83,-2.82,-3.18,-2.22,-2.62,-3.02,-2.88,-2.79
199305,-99.99,4.61,4.13,2.75,4.1,4.61,4.82,3.67,2.6,3.41,4.67,5.35,3.99,4.69,4.91,3.23,3.93,2.44,2.64
199306,-99.99,0.4,0.91,0.41,0.54,0.53,0.64,1.34,0.29,1.4,-0.16,0.19,0.82,1.98,-0.31,1.34,1.34,0.28,0.29
199307,-99.99,1.27,0.57,-0.33,1.31,1.07,0.52,0.21,-0.38,1.41,1.25,1.2,0.96,1.34,-0.07,0.45,0.06,0.65,-0.66
199308,-99.99,4.26,4.38,3.82,4.02,4.84,4.19,5.14,3.58,3.67,4.27,4.64,5.02,3.85,4.43,4.32,5.66,3.96,3.47
199309,-99.99,2.93,1.78,-0.43,3.14,3.16,1.86,0.38,-0.51,3.77,2.73,2.59,3.65,2.34,1.52,0.75,0.15,-0.18,-0.6
199310,-99.99,4.32,0.88,1.58,4.56,2.52,0.99,0.91,1.64,5.03,4.23,3.95,1.32,2.21,0.11,0.52,1.15,0.63,1.92
199311,-99.99,-3.14,-3.22,-1.14,-3.11,-3.47,-2.63,-2.9,-0.97,-2.95,-3.21,-3.18,-3.72,-2.8,-2.5,-3.77,-2.37,-1.29,-0.89
199312,-99.99,1.65,4.2,1.34,0.91,3.31,4.34,3.86,1.03,0.06,1.5,2.82,3.73,4.75,4.03,4.27,3.61,2.41,0.66
199401,-99.99,3.99,2.62,3.05,4.48,2.64,2.45,2.87,3.09,5.54,3.77,3.21,2.16,1.97,2.8,3.09,2.74,2.86,3.15
199402,-99.99,-0.77,-0.59,-2.87,-0.94,-0.73,0.1,-1.62,-3.02,-0.9,-0.96,-0.5,-0.93,0.73,-0.36,-1.34,-1.79,-2.12,-3.27
199403,-99.99,-5.65,-4.84,-4.21,-4.95,-6.12,-4.97,-4.61,-4.12,-4.52,-5.25,-6.74,-5.58,-4.47,-5.35,-4.28,-4.81,-3.63,-4.26
199404,-99.99,-0.7,0.65,1.19,-1.08,0.38,0.24,0.78,1.28,-1.47,-0.8,-0.09,0.78,0.12,0.32,1.14,0.56,0.41,1.52
199405,-99.99,-0.94,-1.28,1.62,-0.77,-1.34,-1.26,-0.21,1.79,-0.45,-0.99,-1.22,-1.43,-1.84,-0.83,-1.22,0.41,0.84,2.05
199406,-99.99,-3.26,-2.65,-2.58,-3.21,-3,-2.33,-3.21,-2.48,-2.13,-3.95,-3.35,-2.71,-3.18,-1.71,-3.06,-3.3,-2.94,-2.36
199407,-99.99,1.18,3.14,3.24,0.46,2.18,2.94,3.45,3.26,0.63,0.34,2.48,1.91,2.31,3.47,3.89,3.14,3.36,3.23
199408,-99.99,4.38,5.81,4.11,3.74,6.15,5.95,5.03,4.01,2.66,4.54,5.53,6.71,6.92,5.15,5.25,4.87,4.97,3.76
199409,-99.99,1.13,-1.13,-2.42,1.26,0.02,-0.7,-1.96,-2.46,1.48,1.1,0.91,-0.79,-0.62,-0.77,-1.79,-2.09,-2.83,-2.36
199410,-99.99,0.19,0.45,2.21,0.4,-0.28,0.81,0.27,2.47,0.45,0.36,-0.2,-0.35,-0.44,1.85,0.35,0.21,1.77,2.66
199411,-99.99,-3.69,-4.9,-3.36,-3.72,-3.77,-4.85,-4.25,-3.35,-3.86,-3.62,-3.62,-3.91,-3.91,-5.63,-5.37,-3.45,-4.19,-3.13
199412,-99.99,-0.06,2.18,1.25,-1.09,2.07,2.65,1.24,1.28,-2.35,-0.18,1.77,2.35,2.99,2.36,1.54,1.02,0.72,1.42
199501,-99.99,1.19,-0.13,2.83,2.14,-0.76,-0.94,1.45,2.99,3.07,1.47,-0.46,-1.03,-2.17,0.08,1.28,1.57,3.04,2.98
199502,-99.99,3.26,5.02,3.91,3,3.77,5.15,4.74,3.87,2.2,3.58,3.73,3.81,4.42,5.74,5.37,4.29,5.57,3.42
199503,-99.99,2.34,2.43,2.71,1.55,2.86,2.11,2.49,2.78,2.03,1.2,3.73,2.04,2.18,2.06,2.98,2.13,3.3,2.65
199504,-99.99,2.58,1.94,2.71,2.7,1.89,1.61,1.81,2.88,2.96,2.51,2.37,1.43,2.08,1.23,2.56,1.26,1.61,3.22
199505,-99.99,2.08,1.75,3.97,2.07,1.59,1.77,2.39,4.12,2.36,1.87,2.09,1.12,0.93,2.46,1.98,2.68,3.85,4.2
199506,-99.99,6.48,4.87,2.45,6.5,6.15,4.18,4.06,2.37,7.63,5.68,6.44,5.86,4.13,4.21,5.3,3.15,2.41,2.36
199507,-99.99,6.19,6.28,3.61,6.24,6.59,6.07,5.63,3.41,5.28,7.07,6.12,7.09,6.32,5.87,6.22,5.22,3.89,3.29
199508,-99.99,3.26,1.53,0.75,4.24,1.92,1.65,1.56,0.62,4.73,3.83,1.76,2.08,2.3,1.14,1.17,1.84,2.1,0.23
199509,-99.99,2.16,2,4.34,2.52,1.79,1.5,2.43,4.59,2.33,2.68,1.6,1.99,1.5,1.5,2.59,2.32,2.63,5.11
199510,-99.99,-5.34,-2.64,-0.42,-4.62,-6.36,-2.86,-2.18,-0.1,-5,-4.3,-6.45,-6.27,-4.11,-1.86,-0.96,-3.06,-2.17,0.44
199511,-99.99,2.71,4.77,4.44,1.76,4.73,4.82,4.54,4.43,0.55,2.8,4.24,5.25,3.61,5.75,4.54,4.54,5.25,4.22
199512,-99.99,2.22,1.6,1.48,1.85,2.88,2.26,-0.05,1.69,0.81,2.72,2.8,2.97,1.38,2.93,0.31,-0.3,0.8,1.92
199601,-99.99,0.58,0.01,3.39,1.22,-0.27,-0.52,1.8,3.48,2.51,0.16,-0.42,-0.11,0.33,-1.17,0.68,2.59,3.12,3.57
199602,-99.99,3.19,3.3,1.36,3.14,3.43,3.41,2.19,1.34,3.05,3.21,3.28,3.58,3.66,3.21,3.08,1.57,2.42,1.08
199603,-99.99,2.44,2.62,0.79,3.01,2.21,2.73,1.39,0.8,2.88,3.11,1.56,2.89,2.55,2.87,2.38,0.7,1.19,0.71
199604,-99.99,7.58,4.34,1.52,7.66,7.05,4.23,3.38,1.32,7.3,7.96,7.44,6.66,4.53,4,3.56,3.25,1.92,1.17
199605,-99.99,6.47,2.39,2.48,6.99,5.11,2.49,1.47,2.59,8.75,5.52,5.65,4.56,3.26,1.88,1.41,1.51,1.69,2.82
199606,-99.99,-4.09,-3.05,0.28,-4.6,-3.98,-3.41,-1.77,0.51,-4.84,-4.39,-3.27,-4.7,-3.22,-3.56,-1.95,-1.64,-0.86,0.85
199607,-99.99,-10.06,-7.76,-4.72,-9.24,-10.15,-8.65,-6.29,-4.51,-9.06,-9.4,-11.33,-9.02,-8.83,-8.52,-5.86,-6.56,-6.33,-4.06
199608,-99.99,4.82,6.15,2.48,4.26,5.96,6.66,5.25,2.18,3.26,5.12,5.71,6.19,7.19,6.26,5.45,5.12,3.62,1.83
199609,-99.99,3.45,4.46,5.77,2.98,4.05,4.89,4.66,5.86,2.09,3.74,4.19,3.92,4.57,5.13,4.14,5,5.41,5.97
199610,-99.99,-1.8,-1.25,2.1,-2.11,-1.67,-2.58,0.15,2.38,-2.63,-1.67,-1.34,-1.99,-3.06,-2.22,0.97,-0.35,1.05,2.7
199611,-99.99,2.65,4.48,7.5,2.21,2.87,4.43,5.89,7.66,1.38,2.89,3.31,2.46,3.97,4.77,5.52,6.13,6.81,7.86
199612,-99.99,1.84,0.86,-1.83,1.23,2.58,0.48,-0.34,-1.93,0.33,1.97,2.75,2.43,0.67,0.34,0.64,-0.96,-2.36,-1.82
199701,-99.99,4.31,2.5,6.11,5.11,2.71,2.05,2.96,6.48,6.5,4.01,3.14,2.3,3.19,1.2,3.21,2.8,4.87,6.84
199702,-99.99,-2.8,-1.61,0.51,-2.03,-3.32,-2.15,-0.14,0.57,-1.45,-2.51,-3.95,-2.72,-1.69,-2.51,-0.36,0.01,-0.11,0.72
199703,-99.99,-5.3,-4.87,-4.43,-4.78,-5.41,-4.74,-4.85,-4.4,-4.6,-4.93,-6.1,-4.76,-5.46,-4.2,-5.1,-4.7,-4.16,-4.45
199704,-99.99,-2.65,1.54,5.64,-3.54,-0.95,1.8,2.02,6.04,-3.01,-3.98,-1.28,-0.64,1.23,2.22,2.22,1.9,3.09,6.7
199705,-99.99,10.96,10.18,6.35,9.6,12.62,10.6,8.18,6.19,7.96,10.99,13.02,12.25,11.61,9.85,8.7,7.86,7.42,5.92
199706,-99.99,5.72,4.44,4.29,5.9,5.26,4.56,3.47,4.41,5.18,6.49,5.46,5.07,5.1,4.16,3.99,3.14,2.72,4.78
199707,-99.99,4.67,6.22,8.22,5.44,5,5.99,7.02,8.29,4.83,6.01,3.29,6.45,5.53,6.33,6.4,7.45,9.04,8.13
199708,-99.99,4.11,1.43,-5.09,4.35,3.01,1.84,0.13,-5.57,4.24,4.46,3.67,2.48,2.89,1.09,0.4,-0.06,-2.05,-6.32
199709,-99.99,9.16,6.94,5.35,9.64,8.02,6.88,5.36,5.43,10.14,9.18,8.28,7.8,7.74,6.24,6.59,4.53,5.68,5.38
199710,-99.99,-3.77,-4.35,-3.11,-3.09,-4.41,-4.4,-4.73,-2.94,-2.05,-4.03,-5.07,-3.88,-5.41,-3.63,-4.52,-4.88,-3.28,-2.86
199711,-99.99,-1.85,-0.18,4.43,-1.96,-1.93,-0.68,1.72,4.68,-2.71,-1.27,-1.62,-2.18,-0.67,-0.69,1.44,1.92,2.67,5.12
199712,-99.99,-0.92,2.11,2,-1.69,0.96,2.02,1.83,2.06,-3.52,-0.01,0.6,1.26,1.23,2.6,2.62,1.29,3.59,1.73
199801,-99.99,-0.62,-1.15,0.99,-0.71,-0.97,-1.27,-1.04,1.19,-0.45,-0.93,-0.45,-1.39,-0.47,-1.85,-0.87,-1.15,-2.32,1.97
199802,-99.99,6.68,8.27,7.32,6.23,7.97,8.63,7.62,7.3,5.21,7.13,7.53,8.33,8.41,8.79,7.79,7.5,8.09,7.13
199803,-99.99,4.92,4.8,5.17,5.31,4.56,4.47,4.88,5.22,5.08,5.5,4.19,4.85,4.3,4.59,5.18,4.67,4.7,5.33
199804,-99.99,1.89,0.95,1.26,2.59,1.26,0.56,0.36,1.39,2.81,2.4,0.57,1.82,-0.08,1.03,1.03,-0.1,0.28,1.62
199805,-99.99,-4.84,-5.19,-1.85,-4.72,-5.59,-5.76,-3.75,-1.7,-4.25,-5.13,-5.05,-6.02,-5.68,-5.82,-4.1,-3.52,-2.34,-1.57
199806,-99.99,-0.57,1.05,4.32,-0.7,0.69,1.03,0.33,4.7,-3.11,1.43,-0.32,1.49,1.52,0.67,0.88,-0.04,2.52,5.14
199807,-99.99,-6.73,-7.08,-1.13,-6.21,-7.65,-7.95,-5.69,-0.71,-6.26,-6.15,-7.59,-7.71,-7.69,-8.15,-5.52,-5.78,-4.56,0.01
199808,-99.99,-21.5,-19.51,-14.69,-21.79,-20.27,-20.08,-17.69,-14.49,-20.87,-22.77,-21.01,-19.56,-20.23,-19.96,-18.69,-17.11,-14.84,-14.43
199809,-99.99,4.58,6.41,6.6,3.32,7.26,7.15,6.42,6.54,1.14,5.66,6.65,7.83,6.61,7.57,4.73,7.38,5.73,6.68
199810,-99.99,2.69,5.45,7.99,2.1,4.12,4.76,7.24,8.03,1.09,3.13,3.63,4.6,5.39,4.28,6.82,7.48,7.79,8.07
199811,-99.99,7.76,5.63,6.38,8.23,6.68,5.94,4.17,6.59,7.95,8.52,7.03,6.34,7.05,5.12,4.87,3.78,5.79,6.74
199812,-99.99,3.71,6.41,6.63,2.46,5.63,7.16,5.88,6.68,0.56,4.35,5.67,5.6,6.14,7.95,5.71,5.97,5.75,6.84
199901,-99.99,4.21,0.28,3.97,5.65,1.01,1.26,-1.32,4.41,7.28,4.08,2.05,0.01,2.67,0.2,-1.02,-1.48,1.36,4.94
199902,-99.99,-7.13,-6.81,-3.24,-6.29,-8.9,-7.87,-3.92,-3.2,-5.25,-7.31,-8.43,-9.37,-8.79,-7.17,-4.07,-3.84,-2.02,-3.39
199903,-99.99,-1.88,2.22,4.04,-3.02,0.8,3.36,2.64,4.07,-3.7,-2.34,-0.05,1.62,4.58,2.45,0.84,3.63,4.8,3.94
199904,-99.99,9.71,8.7,3.86,9.69,7.83,10.31,9.09,3.42,8.14,11.22,9.73,5.98,11.15,9.67,7.55,9.92,6.1,2.96
199905,-99.99,1.92,1.28,-2.2,2.14,1.95,-0.07,1.46,-2.43,3.17,1.15,1.58,2.32,-0.18,0.01,2.85,0.73,-1.21,-2.64
199906,-99.99,6.97,5.25,5.06,7.09,7.2,4.55,5.82,4.98,3.82,10.27,6.77,7.63,5.75,3.63,5.26,6.12,2.42,5.43
199907,-99.99,0.45,-1.6,-3.37,1.49,-1.63,-2.47,-1.83,-3.41,2.28,0.82,-1.03,-2.15,-2.31,-2.59,-0.31,-2.73,-3.8,-3.35
199908,-99.99,-3.59,-3.67,-0.49,-2.91,-4.06,-3.43,-2.3,-0.43,-2.89,-2.94,-4.58,-3.61,-2.66,-4,-3.98,-1.29,-1.91,-0.19
199909,-99.99,-0.81,-0.38,-2.77,-1.53,-0.13,0.65,-1.54,-2.86,-2.45,-0.72,0.25,-0.46,1.34,0.14,-1.55,-1.54,-4.61,-2.58
199910,-99.99,-0.8,3.04,6.79,-0.96,-0.21,1.79,5.37,6.91,-0.51,-1.35,-0.57,0.1,2.08,1.57,5.83,5.11,6.14,7.04
199911,-99.99,10.16,6.37,2.67,10.89,8.34,6.09,5.01,2.55,12.21,9.75,9.08,7.7,6.64,5.68,6.14,4.36,2.47,2.56
199912,-99.99,12.56,10.61,6.68,14.33,11.08,8.74,12.19,6.28,12.9,15.61,9.92,12.06,11.76,6.48,12.13,12.23,7.28,6.12
200001,-99.99,4.03,-3.74,-4.48,5.94,-1.09,-3.96,-3.73,-4.54,10.6,1.89,1.06,-2.92,-5.15,-3.01,-3.85,-3.65,-3.37,-4.72
200002,-99.99,24.11,13.71,-0.31,27.66,17.83,12.36,13.23,-1.33,29.54,25.89,18.33,17.39,12.97,11.88,13.67,12.98,6.72,-2.6
200003,-99.99,-8.82,-1.31,9.37,-10.57,-6.49,-2.81,3.27,9.88,-10.36,-10.78,-5.75,-7.14,-5.02,-1.09,2.87,3.51,5.49,10.64
200004,-99.99,-14.04,-5.73,-3.87,-15.33,-9.04,-5.47,-6.02,-3.68,-18.2,-12.48,-11.88,-6.48,-5.89,-5.15,-5.7,-6.19,-5.1,-3.44
200005,-99.99,-8.52,-4.36,-2.71,-8.79,-6.44,-3.32,-4.2,-2.64,-10.38,-7.31,-8.09,-5.01,-3.48,-3.2,-5.19,-3.64,-3.03,-2.57
200006,-99.99,17.5,6.44,3.17,20.29,11.01,6.68,6.34,2.86,18.53,21.87,13.17,9.13,7.33,6.21,5.18,6.98,3.7,2.73
200007,-99.99,-1.72,-3.56,-1.77,-1.96,-3.05,-3.27,-2.47,-1.77,-1.89,-2.01,-1.37,-4.21,-3.49,-3.09,-3.67,-1.68,-0.93,-1.9
200008,-99.99,5.94,7.38,7.7,6.25,5.79,7.88,9.2,7.52,3.83,8.07,5.49,5.99,7.69,8.04,7.3,10.41,9.27,7.27
200009,-99.99,-3.53,-4.17,-4.84,-3.58,-3.24,-4.04,-4.71,-4.85,-3.31,-3.78,-3.46,-3.08,-4.89,-3.34,-4.75,-4.68,-0.65,-5.47
200010,-99.99,-6.36,-4.57,-1.76,-7.56,-5.07,-5.24,-2.87,-1.71,-7.31,-7.75,-4.57,-5.41,-4.58,-5.78,-3.41,-2.53,-2.15,-1.64
200011,-99.99,-9.66,-9.72,-9.68,-10.14,-9.89,-10.92,-9.12,-9.67,-9.19,-10.83,-8.99,-10.53,-10.77,-11.04,-7.94,-9.85,-9.38,-9.72
200012,-99.99,2.5,8.77,1.15,-0.31,7.05,9.16,8.11,0.73,-2.38,1.26,6.42,7.51,8.95,9.33,8.75,7.71,6.87,-0.19
200101,-99.99,13.74,4.27,3.19,16.08,8.91,4.9,3.18,3.16,17.77,14.88,10.7,7.63,4.45,5.25,2.34,3.71,2.73,3.23
200102,-99.99,-4.83,-6.39,-9.64,-4.51,-5.25,-7.3,-6.93,-9.77,-3.24,-5.44,-5.27,-5.23,-6.83,-7.67,-5.7,-7.7,-5.04,-10.54
200103,-99.99,-3.06,-6.07,-6.96,-2.97,-3.05,-6.42,-5.6,-7.11,-1.12,-4.35,-3.19,-2.95,-5.79,-6.94,-6.79,-4.83,-5.44,-7.4
200104,-99.99,6.25,8.27,8.1,5.42,7.22,8.29,9.88,7.92,2.88,7.37,7.4,7.1,8.21,8.35,8.68,10.65,7.46,8
200105,-99.99,8.36,2.84,0.73,11.1,3.49,2.71,3.16,0.55,8.92,12.69,4.64,2.65,2.74,2.69,3.08,3.21,2.49,0.22
200106,-99.99,4.88,2.23,-2.18,2.64,6.86,1.78,0.04,-2.29,2.03,3.07,8.1,5.95,4.1,-0.11,1.35,-0.77,-1.42,-2.44
200107,-99.99,-4.39,-3.87,-1.47,-2.78,-6.52,-4.74,-2.2,-1.37,-0.76,-4.23,-6.34,-6.68,-5.18,-4.39,-1.34,-2.7,-3.83,-0.91
200108,-99.99,-3.67,-4.35,-6.4,-3.15,-4.46,-4.07,-5.05,-6.48,-3.12,-3.17,-4.31,-4.59,-3.78,-4.31,-4.62,-5.3,-4.84,-6.77
200109,-99.99,-13.92,-13.62,-8.21,-12.64,-15.83,-13.98,-13.84,-7.69,-11.07,-13.79,-15.54,-16.09,-15.24,-12.97,-12.04,-14.89,-10.89,-7.11
200110,-99.99,6.28,6.69,2.19,5.98,6.99,7.83,4.86,2.01,6.68,5.44,6.68,7.26,8.13,7.6,4.9,4.83,3.77,1.7
200111,-99.99,7.63,8.12,7.9,6.8,9.35,8.18,9.04,7.74,5.74,7.62,8.69,9.93,8.35,8.05,7.26,10.12,7.56,7.77
200112,-99.99,7.42,6.16,0.98,7.37,7.33,6.1,4.87,0.74,6.69,7.88,7.49,7.2,5.87,6.29,5.76,4.35,2.61,0.4
200201,-99.99,0.32,-1.26,-1.6,1.47,-1.85,-1.76,-1.11,-1.59,4.55,-0.82,-1.11,-2.5,-1.26,-2.14,0.02,-1.77,-0.41,-1.8
200202,-99.99,-4.01,-2.08,-2.14,-4.17,-3.52,-2.26,-1.37,-2.19,-3.91,-4.37,-3.81,-3.26,-2.8,-1.83,-1.29,-1.42,-1.74,-2.28
200203,-99.99,8.65,7.2,3.93,8.24,8.79,7.7,6.33,3.73,7.85,8.54,9.17,8.46,8.84,6.8,5.96,6.55,5.93,3.32
200204,-99.99,1.64,-0.66,-6.14,1.9,1.46,-0.62,-1.11,-6.56,1.96,1.85,1.32,1.58,-0.16,-1,-1.73,-0.74,-3.18,-7.2
200205,-99.99,-3.23,-3.17,-0.85,-1.35,-5.07,-3.9,-1.46,-0.8,1.78,-3.81,-5.57,-4.62,-5.22,-2.82,-1.47,-1.44,-1.23,-0.72
200206,-99.99,-2.58,-6.66,-7.48,-1.97,-4.31,-6.59,-7.95,-7.42,-4.03,-0.26,-3.38,-5.13,-6.25,-6.86,-7.46,-8.24,-6.6,-7.58
200207,-99.99,-14.89,-11.58,-7.24,-14.53,-15.93,-10.98,-10.17,-6.98,-11.35,-16.88,-15.46,-16.29,-12.61,-9.63,-9.9,-10.33,-9.65,-6.45
200208,-99.99,-1.02,1.02,0.75,-1.14,0.33,1.27,0.43,0.78,-0.48,-1.65,-0.82,1.22,0.39,1.97,0.57,0.35,0.52,0.84
200209,-99.99,-7.78,-8.29,-10.52,-8.02,-7.18,-8.18,-10.2,-10.49,-8,-8.03,-7.4,-7.01,-7.61,-8.61,-9.07,-10.86,-8.54,-10.87
200210,-99.99,3.5,4.48,8.68,3,3.7,4.37,5.54,8.92,3.32,2.75,4.29,3.25,5.15,3.74,5.26,5.71,6.56,9.38
200211,-99.99,11.23,8.46,5.54,11.92,9.69,8.08,8.92,5.26,11.47,12.29,10.16,9.32,8.86,7.45,8.54,9.15,5.05,5.3
200212,-99.99,-5.8,-5.34,-5.74,-5.17,-6.2,-4.96,-5.01,-5.83,-3.84,-6.2,-6.81,-5.72,-6.03,-4.1,-5.65,-4.63,-3.71,-6.23
200301,-99.99,-1.38,-2.39,-2.76,-0.39,-2.83,-3,-1.77,-2.82,2.09,-2.38,-2.97,-2.72,-2.64,-3.29,-1.37,-2,-1.94,-2.99
200302,-99.99,-2.9,-2.53,-1.77,-3.15,-2.65,-2.92,-2.05,-1.74,-1.14,-4.84,-2.49,-2.78,-3.74,-2.25,-1.87,-2.15,-0.56,-1.98
200303,-99.99,1.1,0.99,1.1,1.28,1.32,1.19,0.49,1.14,1.81,0.82,0.81,1.71,0.95,1.38,0.37,0.56,1.03,1.17
200304,-99.99,10.06,9.36,8.13,9.85,9.77,9.66,8.42,8.13,9.48,10.17,10.39,9.3,11.18,8.43,8.98,8.09,6.45,8.47
200305,-99.99,12.78,9.63,5.51,13.86,11.07,8.86,9.63,5.19,14.1,13.67,11.03,11.1,10.35,7.63,9.94,9.45,8.98,4.44
200306,-99.99,4.07,2.03,1.24,5.5,1.81,1.9,1.32,1.28,5.51,5.49,1.73,1.87,1.91,1.89,2.28,0.74,0.28,1.48
200307,-99.99,8.15,4.7,1.78,8.34,7.06,4.53,3.63,1.65,9.04,7.71,7.82,6.51,5.31,3.89,4.03,3.38,2.1,1.57
200308,-99.99,4.99,5.17,1.94,5.05,4.78,5.31,4.96,1.71,5.19,4.93,4.88,4.7,5.66,5.02,5.22,4.8,3.82,1.29
200309,-99.99,0.57,-1.88,-1.15,2.21,-2.58,-1.93,-1.58,-1.1,4.5,0.12,-2.37,-2.74,-2.56,-1.41,-1.36,-1.72,-1.69,-0.98
200310,-99.99,9.15,8.2,5.65,9.22,8.83,8.44,8.19,5.41,9.46,8.99,9.03,8.68,8.43,8.45,7.64,8.55,6.81,5.13
200311,-99.99,4.11,3.41,1.04,4.47,3.39,3.58,2.79,0.91,4.93,4.04,3.43,3.37,3.11,3.95,3.22,2.51,2.16,0.66
200312,-99.99,2.44,2.22,4.87,2.55,2.21,2.53,2.59,5.03,2.75,2.36,2.22,2.21,1.75,3.16,1.82,3.08,3.38,5.36
200401,-99.99,6.24,3.34,1.79,7.01,4.5,3.07,2.41,1.78,8.37,5.71,4.79,4.29,3.3,2.9,3.23,1.9,2.82,1.57
200402,-99.99,0.14,1.96,1.48,0.2,0.82,1.81,2.2,1.43,0.34,0.07,0.03,1.4,0.75,2.67,2.46,2.04,2.04,1.3
200403,-99.99,-0.19,0.62,-1.54,-0.72,0.98,0.84,-0.22,-1.64,-0.45,-0.98,0.82,1.09,1.29,0.48,0.07,-0.4,-0.29,-1.91
200404,-99.99,-4.82,-3.55,-1.31,-4.88,-4.51,-3.59,-3.16,-1.14,-3.96,-5.78,-4.72,-4.36,-3.18,-3.91,-3.08,-3.22,-1.84,-0.99
200405,-99.99,0.3,2,1.21,-0.39,1.86,1.9,2.04,1.14,-0.31,-0.47,1.6,2.05,1.67,2.07,2.1,2,1.99,0.96
200406,-99.99,4.14,3.4,1.6,3.6,5.28,3,2.44,1.56,1.76,5.43,5.12,5.39,3.37,2.71,2.94,2.13,2.75,1.31
200407,-99.99,-7.91,-5.62,-3.49,-8.38,-6.88,-5.65,-5.16,-3.33,-7.02,-9.68,-6.95,-6.82,-5.78,-5.54,-5.03,-5.24,-3.67,-3.26
200408,-99.99,-1.05,-1.01,0.37,-1.37,-1.22,-0.92,-0.43,0.42,-1.46,-1.29,-0.41,-1.86,-0.66,-1.13,-0.72,-0.25,0.44,0.42
200409,-99.99,4.92,4.17,1.17,4.51,5.6,3.83,3.51,0.99,3.82,5.19,5.74,5.49,4.5,3.27,3.99,3.21,4.02,0.38
200410,-99.99,1.97,2.15,1.4,1.49,2.17,2.32,2.33,1.3,1.37,1.61,2.9,1.59,2.08,2.52,2.19,2.42,3.33,0.88
200411,-99.99,9.15,7.13,4.12,9.03,8.95,6.79,6.8,3.87,8.14,9.9,9.4,8.59,7.51,6.19,6.89,6.74,5.69,3.49
200412,-99.99,4.49,4.03,3.48,4.81,3.27,3.5,4.4,3.45,6.44,3.24,3.88,2.76,2.63,4.23,5.27,3.85,3.12,3.52
200501,-99.99,-4.12,-2.57,-2.42,-4.05,-3.8,-3.17,-2.72,-2.31,-3.48,-4.62,-4.24,-3.42,-3.9,-2.56,-1.45,-3.54,-1.36,-2.52
200502,-99.99,1.05,2.85,2.06,0.41,2.71,2.26,2.9,2.01,0.96,-0.14,2.28,3.06,2.37,2.18,3.47,2.53,3.55,1.68
200503,-99.99,-3.43,-1.63,-1.6,-3.83,-2.32,-2.11,-1.14,-1.63,-4.2,-3.46,-2.67,-2.03,-2.85,-1.51,-0.9,-1.3,-0.22,-1.94
200504,-99.99,-6.33,-4.71,-1.84,-6.2,-6.41,-4.87,-3.89,-1.64,-5.83,-6.58,-6.56,-6.28,-5.49,-4.37,-3.84,-3.92,-3.17,-1.29
200505,-99.99,6.05,6.25,3.31,5.41,7.35,5.8,5.85,3.09,4.26,6.57,7.26,7.43,6.46,5.28,6.28,5.56,3.7,2.96
200506,-99.99,4.37,3.01,0.15,4.44,3.96,2.92,2.52,-0.05,3.99,4.88,4.24,3.73,3.14,2.74,2.82,2.31,2.68,-0.66
200507,-99.99,7.27,5.68,3.73,7.17,6.73,5.53,5.5,3.57,7.89,6.51,7.46,6.11,5.85,5.28,5.65,5.41,4.83,3.28
200508,-99.99,-1.49,-1.01,-0.86,-1.33,-1.57,-1.1,-0.73,-0.88,-1.01,-1.63,-1.79,-1.38,-1.62,-0.69,-0.71,-0.74,-1.19,-0.8
200509,-99.99,0.42,0.8,0.78,0.62,0.57,0.43,1.19,0.74,1.16,0.11,0.04,1.02,0.58,0.31,1.16,1.2,1.89,0.48
200510,-99.99,-2.98,-3.1,-1.44,-3.13,-3.09,-3.07,-2.78,-1.31,-3.5,-2.78,-2.7,-3.43,-3.35,-2.85,-2.99,-2.66,-2.28,-1.09
200511,-99.99,4.59,4.83,3.77,4.36,4.94,5.45,4.42,3.68,3.21,5.43,5.05,4.85,4.89,5.87,4.06,4.63,3.85,3.64
200512,-99.99,0.38,0.5,0,0.34,-0.31,0.7,1.04,-0.11,1.1,-0.35,0.46,-0.97,-0.32,1.46,0.96,1.09,0.76,-0.3
200601,-99.99,9.28,6.7,2.41,9.29,8.83,7.05,4.89,2.19,8.66,9.87,9.25,8.45,8.4,6.03,5.45,4.55,3.93,1.79
200602,-99.99,0.06,-0.57,0.1,0.09,-0.5,-0.59,-0.02,0.1,1.23,-0.93,0.01,-0.96,-0.82,-0.42,-0.36,0.19,-0.49,0.23
200603,-99.99,4.91,3.6,1.37,4.97,4.66,3.87,2.71,1.23,5.3,4.67,4.78,4.56,4.91,3.06,2.78,2.67,1.58,1.15
200604,-99.99,0.51,0.92,1.16,0.05,0.86,0.38,1.06,1.22,0.33,-0.21,1.4,0.38,0.6,0.21,1.87,0.56,1.43,1.17
200605,-99.99,-5.64,-4.53,-2.55,-5.93,-5.13,-4.61,-3.57,-2.48,-5.84,-6.01,-5.09,-5.16,-6.3,-3.28,-4.13,-3.22,-3.54,-2.23
200606,-99.99,-0.55,-0.31,0.16,-0.83,0.11,-0.21,-0.77,0.26,-1.26,-0.44,-0.03,0.24,0.07,-0.43,-0.69,-0.82,0.85,0.13
200607,-99.99,-3.78,-3.95,0.35,-3.77,-3.79,-3.68,-3.29,0.65,-3.58,-3.95,-3.8,-3.78,-3.87,-3.51,-4.42,-2.64,-1.01,1.04
200608,-99.99,3.06,2.13,2.38,2.74,2.97,2.39,2.16,2.37,2.13,3.36,3.75,2.36,2.44,2.35,1.63,2.46,2.19,2.41
200609,-99.99,0.87,1.29,2.5,0.56,1.12,0.99,1.71,2.59,0.85,0.27,1.55,0.78,1.23,0.78,1.98,1.55,1.96,2.74
200610,-99.99,5.85,4.42,3.37,5.89,5.53,4.71,4.15,3.26,5.31,6.46,5.78,5.33,4.93,4.51,3.56,4.47,3.45,3.21
200611,-99.99,2.5,3.73,1.91,2.29,2.6,3.98,3.87,1.73,2.48,2.11,2.93,2.32,3.87,4.08,4.1,3.75,3,1.44
200612,-99.99,1.16,0.35,1.37,1.88,-0.01,0.32,0.24,1.49,2.37,1.39,-0.38,0.29,0.22,0.41,0.43,0.13,0.06,1.81
200701,-99.99,1.47,2.9,1.69,1.19,1.8,2.88,3.29,1.54,1.56,0.82,2.08,1.56,2.78,2.96,3.59,3.12,2.85,1.25
200702,-99.99,-0.56,0.32,-1.95,-0.66,-0.34,0.7,0.05,-2.15,-0.46,-0.87,-0.33,-0.34,0.42,0.93,0.11,0.02,0.28,-2.7
200703,-99.99,0.86,1.53,1.14,0.79,0.6,2.1,1.11,1.15,0.82,0.75,1.02,0.27,2.75,1.56,1.35,0.98,1.05,1.18
200704,-99.99,1.65,3.54,4.35,1.5,2,3.74,4.29,4.34,1.86,1.14,1.97,2.02,3.35,4.07,3.97,4.47,3.95,4.43
200705,-99.99,3.09,4.81,3.49,2.89,3.75,5.49,4.18,3.42,2.25,3.55,3.52,3.95,5.4,5.56,4.27,4.13,3.29,3.45
200706,-99.99,-0.56,-1.28,-1.64,-0.17,-1.69,-0.79,-1.79,-1.61,-0.36,0.02,-1.39,-1.94,-0.95,-0.66,-1.65,-1.87,-1.44,-1.65
200707,-99.99,-6.7,-4.89,-2.87,-6.7,-6.35,-4.73,-4.56,-2.7,-6.07,-7.35,-6.71,-6.04,-4.99,-4.5,-4.52,-4.58,-2.83,-2.66
200708,-99.99,0.78,0.14,1.55,-0.12,1.9,0.22,0,1.67,-1.47,1.3,2.5,1.38,1.55,-0.92,-0.59,0.35,-0.24,2.11
200709,-99.99,1.24,2.46,3.84,1.37,1.17,2.72,2.62,3.96,1.73,1,0.99,1.32,2.16,3.22,2.67,2.59,3.65,4.04
200710,-99.99,1.58,2.52,1.96,1.42,2.42,2.66,1.64,2.02,1,1.85,1.9,2.86,2.89,2.47,2.15,1.34,2.27,1.97
200711,-99.99,-8.29,-5.96,-3.97,-8.68,-7.18,-6.01,-5.12,-3.88,-8.8,-8.56,-7.54,-6.88,-5.62,-6.35,-5.43,-4.94,-3.65,-3.93
200712,-99.99,-0.54,-0.97,-0.5,-0.56,0.07,-0.97,-1.14,-0.47,-0.44,-0.68,-0.51,0.55,-1.2,-0.76,-1.74,-0.79,0.69,-0.74
200801,-99.99,-7.51,-5.82,-5.99,-7.65,-7.05,-5.9,-5.72,-5.99,-6.78,-8.55,-7.26,-6.87,-5.57,-6.19,-5.16,-6.04,-6.12,-5.96
200802,-99.99,-3.52,-2.27,-2.91,-4.3,-3.05,-2.04,-1.99,-2.99,-3.28,-5.38,-2.11,-3.84,-3.5,-0.8,-1.79,-2.1,-2.18,-3.17
200803,-99.99,-0.52,-1.27,-0.56,-1.25,0.8,-1.02,-1.58,-0.52,-2.28,-0.14,0.79,0.82,-0.85,-1.17,-2.61,-0.98,-2.09,-0.16
200804,-99.99,2.08,6.29,4.58,1.76,3.25,7.96,5.77,4.45,0.92,2.65,2.62,3.77,6.58,9.12,5.28,6.05,6.39,4.01
200805,-99.99,4.17,5.2,1.5,3.62,5.65,5.16,4.43,1.25,3.5,3.76,5.13,6.08,5.48,4.9,4.81,4.21,3.37,0.76
200806,-99.99,-8.56,-7.09,-8.36,-8.43,-7.64,-7.15,-8.19,-8.32,-7.04,-9.84,-8.8,-6.69,-7.35,-6.99,-7.21,-8.75,-6.49,-8.75
200807,-99.99,4.36,0.17,-1.17,4.48,4.05,0.94,-2.37,-1.07,2.56,6.17,4.16,3.98,0.74,1.07,-2.67,-2.19,-2.64,-0.71
200808,-99.99,3.81,3.31,1.21,3.46,5.35,3.42,2.24,1.09,2.65,4.13,4.41,6.04,3.7,3.22,1.79,2.52,0.25,1.27
200809,-99.99,-8.06,-10.2,-9.02,-8.35,-7.35,-10.1,-12.42,-8.67,-9.39,-7.5,-7.57,-7.18,-10.5,-9.82,-11.95,-12.71,-11.41,-8.07
200810,-99.99,-21.02,-20.62,-16.38,-20.21,-21.26,-19.67,-21.39,-15.97,-20.38,-20.08,-22.41,-20.43,-20.44,-19.13,-22.11,-20.95,-21.16,-14.87
200811,-99.99,-12.99,-10.13,-7.14,-13.26,-11.39,-9.84,-9.37,-7,-15.65,-11.34,-12.52,-10.6,-12.31,-8.14,-10.29,-8.81,-10.44,-6.32
200812,-99.99,4.98,4.54,1.18,3.95,5.8,4.62,4.13,0.94,2.72,4.89,6.75,5.13,4.13,4.95,4.06,4.17,2.64,0.62
200901,-99.99,-10.77,-8.34,-7.8,-11.13,-10.82,-8.78,-6.76,-7.85,-7.65,-13.71,-10.18,-11.28,-9.84,-8.09,-5.97,-7.24,-6.83,-8.05
200902,-99.99,-12.32,-10.17,-9.68,-12.4,-11.93,-9.81,-9.36,-9.73,-12.85,-12.04,-12.18,-11.76,-9.93,-9.73,-9.82,-9.09,-9.82,-9.71
200903,-99.99,9.65,9.94,8.57,9.86,9.78,9.65,8.71,8.64,9.12,10.43,9.3,10.13,10.51,9.1,10.27,7.77,8.29,8.71
200904,-99.99,16.57,14.81,9.08,16.65,15.97,15.25,13.31,8.74,15.01,17.91,16.43,15.65,17.73,13.64,13.7,13.07,14.84,7.55
200905,-99.99,4.14,2.82,5.56,5.08,3.06,2.03,4.29,5.64,8.64,2.43,2.58,3.39,1.52,2.37,3.68,4.67,5.78,5.61
200906,-99.99,3.66,0.87,0.19,4.3,1.85,0.79,0.51,0.18,5.24,3.55,2.59,1.34,1.78,0.14,0.73,0.37,-0.18,0.25
200907,-99.99,10.43,9.4,7.4,9.99,10.1,9.83,8.77,7.29,10.18,9.85,11,9.32,10.38,9.41,8.84,8.72,8.58,7.03
200908,-99.99,4.37,3.79,3.23,5.64,3.57,3.36,4.82,3.06,7.52,4.3,2.74,4.29,3.84,2.99,4.16,5.25,3.67,2.94
200909,-99.99,7.23,6.17,3.68,6.78,6.71,6.23,6.62,3.41,6.49,6.99,7.82,5.75,5.69,6.64,6.29,6.83,4.72,3.14
200910,-99.99,-8.21,-5.49,-1.65,-8.41,-7.54,-5.5,-4.62,-1.38,-8.13,-8.61,-7.94,-7.19,-6.22,-4.97,-4.65,-4.6,-2.9,-1.06
200911,-99.99,2.4,4.19,5.9,1.66,2.87,4.07,4.49,6.05,1.74,1.6,3.34,2.46,3.41,4.57,5.16,4.07,4.43,6.39
200912,-99.99,8.84,6.83,1.98,8.21,9.26,7.21,6.05,1.6,6.65,9.36,9.63,8.92,7.53,6.98,5.39,6.48,4.15,1.07
201001,-99.99,-3.11,-3.32,-3.42,-2.91,-2.9,-3.46,-3.57,-3.4,-1.21,-4.14,-3.36,-2.49,-3.8,-3.2,-3.51,-3.61,-3.16,-3.45
201002,-99.99,4.89,4.83,3.14,5.4,3.96,5.3,5.39,2.9,4.2,6.28,4.26,3.7,5.98,4.79,4.73,5.8,3.82,2.71
201003,-99.99,8.13,7.91,5.87,8.18,8.48,7.95,7.79,5.68,7.87,8.4,8.08,8.84,7.63,8.2,7.41,8.04,5.71,5.67
201004,-99.99,7.48,4.9,1.2,8.94,5.39,4.45,4.32,0.97,10.45,7.86,5.66,5.15,5.92,3.33,5.4,3.65,2.39,0.67
201005,-99.99,-8.08,-7.46,-7.92,-8.45,-7.82,-7.31,-7.02,-8.03,-8.68,-8.28,-7.6,-8.02,-7.75,-6.97,-7.41,-6.78,-7.51,-8.14
201006,-99.99,-8.26,-7.23,-5.14,-8.58,-8.07,-7.19,-6.55,-5.02,-9.38,-8,-7.86,-8.25,-8.06,-6.52,-6.8,-6.39,-4.84,-5.06
201007,-99.99,6.42,6.95,6.97,6,6.8,6.97,7.23,6.93,5.45,6.45,7.04,6.61,7.77,6.42,7.11,7.3,7.24,6.86
201008,-99.99,-8.49,-5.95,-4.39,-8.94,-7.33,-6.17,-4.78,-4.37,-8.6,-9.23,-7.82,-6.95,-7.29,-5.4,-5.1,-4.62,-4.37,-4.37
201009,-99.99,12.17,12.02,9.07,11.73,13.33,12.63,10.7,8.88,11.21,12.16,12.83,13.7,12.87,12.47,10.32,10.91,10.43,8.55
201010,-99.99,4.81,3.23,3.92,5.28,3.34,4.09,3.53,3.89,4.48,5.95,4.14,2.74,4.25,3.99,2.23,4.19,3.64,3.95
201011,-99.99,3.71,3.4,0.13,3.83,3.7,4.04,2.81,-0.19,2.7,4.75,3.53,3.83,4.23,3.91,2.22,3.11,1.47,-0.55
201012,-99.99,9.06,7.5,6.5,8.96,8.31,7.35,6.91,6.5,9.25,8.72,9.21,7.61,7.85,7.02,7.65,6.54,6.55,6.48
201101,-99.99,-0.63,1.78,2.3,-1.38,0.83,1.48,2.3,2.31,0.4,-2.8,0.46,1.13,0.12,2.43,2.57,2.17,1.6,2.47
201102,-99.99,5.29,4.94,3.3,4.46,5.92,5.6,4.16,3.18,4.28,4.61,6.45,5.51,5.16,5.9,3.66,4.42,3.9,3.03
201103,-99.99,2.95,2.68,0.07,2.53,2.49,3.3,1.98,-0.13,1.28,3.55,3.53,1.67,3.24,3.35,2.29,1.82,0.96,-0.37
201104,-99.99,1.42,3.18,3.01,1.34,2.33,3.54,2.71,3.05,0.25,2.21,1.53,2.97,3.37,3.66,2.75,2.68,3.35,2.99
201105,-99.99,-2.98,-1.19,-1.19,-2.63,-2.09,-1.47,-0.48,-1.29,-2.71,-2.56,-3.46,-1.03,-1.89,-1.18,-0.84,-0.3,-0.78,-1.4
201106,-99.99,-2.4,-1.6,-1.68,-2.75,-1.32,-1.56,-2.04,-1.64,-2.48,-2.95,-1.93,-0.85,-1.61,-1.52,-2.07,-2.02,-1.53,-1.66
201107,-99.99,-3.27,-4.1,-2.06,-2.64,-4.17,-4.19,-3.58,-1.92,-2.47,-2.79,-4.1,-4.22,-4.81,-3.68,-3.94,-3.36,-3.82,-1.46
201108,-99.99,-10.36,-8.21,-5.45,-10.79,-9.53,-8.23,-7.73,-5.22,-10.64,-10.92,-9.78,-9.33,-7.92,-8.49,-7.68,-7.76,-5.81,-5.08
201109,-99.99,-11.18,-11.01,-6.9,-11.25,-11.13,-11.43,-9.95,-6.64,-11.03,-11.45,-11.08,-11.18,-11.4,-11.46,-10.42,-9.65,-8.48,-6.2
201110,-99.99,14.26,15.09,10.73,13.12,15.73,15.31,14.09,10.45,10.19,15.74,15.76,15.7,15.23,15.37,14.55,13.8,11.52,10.2
201111,-99.99,-1.04,-0.04,-0.27,-1.45,-0.33,-0.19,-0.14,-0.26,-2.3,-0.73,-0.5,-0.19,-1.27,0.72,0.2,-0.34,-0.74,-0.15
201112,-99.99,0.46,-0.07,0.82,0.98,0.25,-0.18,-0.5,0.96,1.29,0.73,-0.21,0.63,-0.14,-0.21,-0.25,-0.66,-0.88,1.39
201201,-99.99,8.1,6.26,4.74,8.77,6.77,6.27,6.24,4.59,8.26,9.19,7.26,6.37,6.31,6.24,6.2,6.26,5.7,4.34
201202,-99.99,2.4,4.12,4.57,1.64,3.38,3.9,4.84,4.53,2.72,0.73,3.37,3.39,3.42,4.32,4.73,4.91,4.36,4.57
201203,-99.99,2.99,1.81,3.24,3.69,2.4,1.36,1.93,3.37,4.76,2.75,2.12,2.62,2.47,0.4,2.01,1.88,2.34,3.6
201204,-99.99,-1.98,-0.91,-0.73,-1.83,-1.53,-1.1,-0.44,-0.77,-1.11,-2.46,-2.18,-0.99,-1.13,-1.07,-0.64,-0.32,-0.75,-0.77
201205,-99.99,-6.99,-7.05,-6.01,-6.98,-6.54,-6.83,-7.74,-5.84,-5.85,-8,-7.01,-6.17,-6.16,-7.43,-7.71,-7.76,-6.43,-5.71
201206,-99.99,5.95,2.93,3.9,5.97,5.11,3.4,1.97,4.07,6.03,5.91,5.93,4.44,4.12,2.75,1.68,2.15,2.83,4.34
201207,-99.99,-2.05,-0.86,1.16,-2.1,-1.71,-0.86,-0.89,1.37,-1.84,-2.34,-1.99,-1.56,-1.93,-0.02,-0.48,-1.14,0.68,1.51
201208,-99.99,3.02,3.79,2.37,2.72,2.66,4.08,3.87,2.26,2.53,2.9,3.45,2.21,4.83,3.51,4.29,3.61,2.88,2.13
201209,-99.99,4.86,2.51,2.64,4.43,4.13,2.65,2.24,2.66,4.73,4.17,5.51,3.34,2.28,2.93,1.89,2.45,1.93,2.81
201210,-99.99,-3.09,-1.29,-1.75,-3.37,-2.89,-0.99,-0.31,-1.9,-2.98,-3.71,-2.69,-3,0.22,-1.93,-0.76,-0.04,-1.52,-1.98
201211,-99.99,0.58,1.97,0.61,0.46,0.44,2.43,1.79,0.53,-0.82,1.6,0.76,0.25,1.72,2.99,2.28,1.49,1.3,0.36
201212,-99.99,3.64,2.57,0.85,3.43,3.57,2.93,2.49,0.65,1.74,4.92,3.94,3.35,2.92,2.94,1.72,2.96,1.86,0.39
201301,-99.99,6.1,7.24,5.36,5.77,6.53,6.63,7.65,5.19,7.13,4.6,6.58,6.51,6.65,6.61,8.39,7.21,6.73,4.86
201302,-99.99,1.08,1.45,1.29,0.72,1.31,1.23,1.26,1.33,0.81,0.64,1.61,1.14,1,1.41,1.87,0.9,1.66,1.25
201303,-99.99,5.01,4.74,3.9,5.37,4.53,4.86,4.73,3.82,5.38,5.36,4.5,4.54,4.57,5.09,4.7,4.75,4.23,3.72
201304,-99.99,-0.34,-0.16,1.82,0.23,-0.77,-0.64,0.89,1.9,0.57,-0.08,-1.17,-0.54,-0.68,-0.61,0.62,1.05,1.47,1.99
201305,-99.99,5.93,4.82,2.5,5.56,5.53,4.63,3.4,2.5,4.54,6.44,6.47,4.98,4.87,4.44,4.96,2.45,2.36,2.53
201306,-99.99,0.85,-1.02,-1.35,0.58,0.37,-0.83,-1.68,-1.32,1.47,-0.18,1.23,-0.13,-0.73,-0.9,-1.69,-1.68,-0.5,-1.5
201307,-99.99,7.99,7.05,5.36,8.14,6.88,7.58,6.55,5.26,7.9,8.35,7.78,6.25,7.5,7.64,6.77,6.42,5.62,5.18
201308,-99.99,-2.95,-2.61,-2.72,-2.84,-2.59,-2.68,-2.26,-2.79,-2.68,-2.97,-3.1,-2.23,-3.36,-2.14,-2.7,-1.99,-2.5,-2.85
201309,-99.99,6.85,5.82,3.34,7.11,6.39,5.64,5.27,3.19,6.65,7.51,6.51,6.31,5.25,5.95,5.82,4.92,4.19,2.97
201310,-99.99,2.17,3.13,4.44,1.61,2.06,3.69,3.25,4.55,1.8,1.44,2.94,1.45,3.61,3.75,3.21,3.27,3.7,4.75
201311,-99.99,5.03,3.05,3.08,5.86,4.28,3.39,1.86,3.2,5.37,6.3,3.89,4.55,3.42,3.37,1.94,1.81,2.33,3.4
201312,-99.99,2.25,2.92,2.65,2.03,2.23,2.86,3.18,2.62,2.63,1.51,2.55,2,2.52,3.12,3.42,3.02,3.05,2.52
201401,-99.99,-1.73,-2.55,-3.55,-1.3,-3.16,-2.36,-2.84,-3.59,0.59,-2.97,-2.33,-3.75,-2.92,-1.93,-2.25,-3.22,-2.3,-3.88
201402,-99.99,4.75,5.22,4.62,4.68,4.75,5.48,5.78,4.47,4.38,4.95,4.84,4.69,4.65,6.12,5.12,6.21,6.07,4.1
201403,-99.99,-0.29,-0.72,0.75,-0.38,-0.44,-0.97,-0.13,0.81,-0.96,0.15,-0.16,-0.63,-0.88,-1.04,-0.45,0.07,-0.25,1.07
201404,-99.99,-5.05,-2.35,0.55,-5.62,-4.02,-2.63,-1.42,0.75,-5.65,-5.6,-4.26,-3.84,-2.98,-2.36,-1.33,-1.48,0.01,0.92
201405,-99.99,-0.61,1.28,2.27,-0.86,0.35,1.41,2.19,2.23,-0.72,-0.99,-0.27,0.78,1.33,1.47,1.34,2.73,2.39,2.19
201406,-99.99,5.76,5.1,2.02,5.45,6.26,5.08,4.05,1.86,4.72,6.11,6.17,6.33,4.83,5.27,4.61,3.71,2.82,1.64
201407,-99.99,-6.8,-5,-1.42,-6.7,-5.9,-5.58,-3.37,-1.3,-6.08,-7.29,-6.92,-5.08,-6.03,-5.26,-4.3,-2.7,-2.2,-1.1
201408,-99.99,4.39,5.22,4.09,3.7,5.14,5.15,5.28,3.99,3.78,3.63,5.14,5.14,4.66,5.49,5.33,5.24,4.64,3.84
201409,-99.99,-5.78,-4.96,-1.39,-6.02,-5.31,-5.41,-3.88,-1.19,-4.9,-7.08,-5.53,-5.15,-5.5,-5.35,-4.37,-3.53,-2.21,-0.96
201410,-99.99,5.71,3.53,2.23,5.05,6.36,4.52,2.52,2.12,3.33,6.73,6.42,6.32,5.26,4.01,1.26,3.4,2.77,1.98
201411,-99.99,-0.29,1.04,2.87,-1.02,0.16,1.38,2.29,2.86,-1.04,-1,0.47,-0.08,1.67,1.18,1.14,3.08,2.64,2.9
201412,-99.99,4.45,0.56,-0.35,5.28,2.4,0.89,0.46,-0.47,4.68,5.85,3.58,1.45,1.59,0.39,-0.2,0.92,0.01,-0.57
201501,-99.99,-4.29,-2.7,-3.09,-4.58,-4.01,-2.74,-1.63,-3.24,-3.63,-5.46,-3.99,-4.02,-4.05,-1.81,-2.05,-1.35,-2.26,-3.47
201502,-99.99,6.54,6.94,6.07,5.58,6.55,7.48,7.14,5.96,4.59,6.52,7.54,5.75,7.15,7.7,6.83,7.35,6.02,5.94
201503,-99.99,1.65,1.13,-1.6,1.45,1.93,1.1,0.5,-1.78,1.52,1.38,1.86,1.98,1.36,0.92,0.8,0.3,-0.86,-1.99
201504,-99.99,-2.3,-1.11,1.01,-2.34,-2.18,-1.63,-0.64,1.2,-1.82,-2.82,-2.27,-2.1,-1.84,-1.49,-0.05,-1.03,-0.18,1.52
201505,-99.99,2.5,2.02,1.27,2.36,2.74,2.69,1.7,1.18,1.69,3.01,2.63,2.83,1.81,3.32,0.86,2.24,1.1,1.2
201506,-99.99,2.29,-0.74,-1.85,2.7,0.73,-0.25,-1.26,-1.92,1.1,4.21,1.89,-0.25,0.71,-0.92,-1.54,-1.08,-2.41,-1.81
201507,-99.99,-3.82,-0.67,2.04,-5.22,-2,-1.83,0.83,2.16,-4.92,-5.44,-2.33,-1.74,-2.13,-1.6,0.98,0.72,0.09,2.61
201508,-99.99,-5.21,-6,-6.08,-4.84,-6.28,-5.29,-5.86,-6.13,-3.91,-5.52,-5.58,-6.81,-6.24,-4.58,-6.43,-5.46,-5.05,-6.36
201509,-99.99,-6.25,-5.13,-2.77,-6.61,-6.04,-5.51,-4.55,-2.59,-5.96,-7.1,-5.87,-6.18,-5.4,-5.6,-4.33,-4.71,-3.02,-2.5
201510,-99.99,5.67,5.61,8.15,5.27,5.38,5.99,6.31,8.27,3.82,6.35,6.08,4.84,6.46,5.65,5.51,6.88,6.32,8.67
201511,-99.99,3.89,1.93,0.35,3.29,4.78,1.75,0.95,0.3,2.7,3.72,4.51,4.98,3.18,0.71,0.96,0.94,-0.15,0.39
201512,-99.99,-5.09,-4.62,-1.75,-4.9,-4.85,-5.35,-3.77,-1.57,-4.07,-5.49,-5.29,-4.5,-6.06,-4.83,-3.91,-3.68,-2.73,-1.34
201601,-99.99,-10.4,-8.12,-5.44,-10.13,-10.35,-8.29,-7.98,-5.17,-9.66,-10.47,-10.67,-10.1,-8.69,-7.99,-7.2,-8.52,-5.37,-5.13
201602,-99.99,-0.06,1.28,-0.15,-0.66,0.44,1.58,0.88,-0.21,-0.69,-0.63,0.55,0.35,1.14,1.91,1.32,0.58,1.29,-0.5
201603,-99.99,7.18,8.23,6.63,6.66,8.14,8.25,8.31,6.48,5.14,7.77,7.71,8.47,8.98,7.7,8.13,8.43,7.59,6.26
201604,-99.99,3.4,1.62,0.56,3.43,2.29,1.69,1.74,0.45,4.47,2.69,3.37,1.47,1.75,1.65,1.6,1.83,1.03,0.34
201605,-99.99,1.32,1.79,1.78,-0.01,2.22,1.2,2.71,1.68,-0.14,0.08,2.63,1.9,0.5,1.73,2.34,2.97,1.12,1.79
201606,-99.99,0.18,-0.69,-0.04,-0.52,-0.22,-0.56,-1.14,0.08,-0.2,-0.75,0.85,-1.06,0.66,-1.49,-0.69,-1.46,1.36,-0.17
201607,-99.99,6.13,5.27,3.75,5.47,6.64,5.75,4.51,3.67,4.5,6.2,6.83,6.48,6.1,5.47,4.28,4.66,4.46,3.51
201608,-99.99,2.29,1.24,0.34,3.72,2.16,1.72,1.21,0.19,3.25,4.08,0.78,3.28,1.88,1.6,-0.09,2.06,-0.39,0.31
201609,-99.99,3.48,0.63,0.12,4.12,2.17,0.6,0.08,0.13,4.79,3.63,2.78,1.69,0.63,0.58,0.24,-0.02,1,-0.05
201610,-99.99,-5.84,-4.12,-1.64,-6.35,-6.25,-3.99,-2.18,-1.65,-6.8,-6.01,-5.28,-7.02,-4.28,-3.75,-3.13,-1.58,-2.94,-1.38
201611,-99.99,12.55,10.03,3.86,12.58,12.69,10.09,6.88,3.7,9.87,14.56,12.52,12.83,11.27,9.17,8.88,5.64,6.03,3.23
201612,-99.99,3.55,1.28,1.87,4.43,1.78,1.53,0.58,2.01,3.24,5.26,2.6,1.12,1.68,1.42,1.05,0.28,1.31,2.16
201701,-99.99,-0.28,1.81,2.16,-0.31,0.69,1.29,2.74,2.1,-0.27,-0.34,-0.25,1.45,1.41,1.18,2.57,2.85,3.22,1.86
201702,-99.99,1.67,2.06,3.97,0.81,2.03,1.77,3.18,4.01,1.04,0.65,2.62,1.55,1.29,2.16,2.6,3.55,2.72,4.28
201703,-99.99,0.29,0.21,0.17,0.57,0.37,-0.09,0.01,0.21,2.18,-0.55,-0.01,0.68,0.32,-0.42,0.39,-0.23,0,0.25
201704,-99.99,1.17,0.67,1.22,0.48,1.47,0.57,0.94,1.22,0.13,0.73,1.93,1.09,0.77,0.42,0.62,1.14,1.08,1.25
201705,-99.99,-2.42,-1.19,1.51,-2.47,-2.45,-1.53,0.25,1.59,-2.05,-2.77,-2.37,-2.51,-2.05,-1.12,-0.3,0.6,2.07,1.49
201706,-99.99,5.03,2.31,0.59,5.5,3.89,2.34,1.71,0.5,4.68,6.1,4.52,3.36,2.04,2.57,1.88,1.6,0.09,0.59
201707,-99.99,-0.39,1.37,2.07,-1.1,0.81,1.24,1.44,2.14,-1.2,-1.04,0.47,1.08,1.5,1.04,1.65,1.32,1.85,2.19
201708,-99.99,-1.38,-1.09,0.39,-1.38,-2.01,-1.23,-0.27,0.44,-1.61,-1.24,-1.38,-2.49,-1.57,-0.99,-0.36,-0.23,-1.41,0.8
201709,-99.99,8.03,5.15,2.02,8.61,7.47,5.23,3.68,1.89,9.12,8.28,7.36,7.56,6.56,4.24,4.12,3.43,2.44,1.78
201710,-99.99,-0.11,1.66,2.43,-0.35,0.25,1.42,2.08,2.48,-0.9,0.01,0.17,0.3,0.34,2.21,2.5,1.84,1.53,2.67
201711,-99.99,2.9,3.19,3.21,3.17,2.63,3.54,4.13,3.06,3.06,3.24,2.58,2.66,2.96,3.96,2.96,4.8,3.08,3.06
201712,-99.99,0.25,0.71,1.19,0.19,0.51,0.37,1.01,1.21,0.89,-0.25,0.31,0.67,0.16,0.52,1.14,0.94,1.72,1.12
201801,-99.99,2.45,3.54,6,2.79,2.36,3.59,4.64,6.09,2.29,3.12,2.06,2.6,2.88,4.09,3.86,5.08,4.41,6.4
201802,-99.99,-3.26,-3.96,-3.54,-3.21,-3.44,-4.3,-3.74,-3.52,-3.85,-2.79,-3.32,-3.53,-4.06,-4.47,-3.72,-3.75,-3.73,-3.48
201803,-99.99,1.28,0.63,-2.61,1.3,1.07,0.61,0.12,-2.84,1.1,1.43,1.25,0.93,0.9,0.4,0.55,-0.12,-0.67,-3.23
201804,-99.99,1.72,0.2,0.34,1.46,1.76,0.25,-0.31,0.4,1.51,1.43,2.04,1.55,1.73,-0.82,-0.4,-0.26,-0.12,0.5
201805,-99.99,6.94,5.19,2.35,7.74,6.4,5.14,3.45,2.31,7.71,7.77,6,6.71,6.79,3.93,4.63,2.82,0.13,2.72
201806,-99.99,1.38,0.29,0.59,1.68,1.19,0.05,0.74,0.55,0.99,2.12,1.02,1.31,0.92,-0.6,0.17,1.05,0.33,0.59
201807,-99.99,0.49,1.93,3.7,-0.71,2.03,1.81,2.41,3.79,-1.05,-0.48,1.82,2.21,1.71,1.91,1.96,2.7,3.36,3.87
201808,-99.99,4.7,3.9,3.53,4.05,4.92,4.12,3.47,3.53,3,4.73,5.4,4.51,3.22,4.89,3.4,3.52,2.66,3.7
201809,-99.99,-2.89,-1.65,0.54,-2.49,-2.15,-2.19,-0.43,0.58,-1.91,-2.87,-3.31,-1.15,-2.24,-2.14,-1.22,0.06,-0.41,0.76
201810,-99.99,-11.7,-10.68,-6.93,-11.47,-11.75,-10.21,-9.34,-6.79,-10.49,-12.11,-11.94,-11.6,-11.29,-9.3,-10.86,-8.43,-8.21,-6.53
201811,-99.99,0.05,2.46,1.85,-1.19,1.88,1.51,2.42,1.86,-2.08,-0.6,1.38,2.3,1.6,1.44,3.62,1.71,2.35,1.78
201812,-99.99,-12.06,-11.87,-9,-12.56,-12.21,-11.74,-11.02,-8.86,-12.9,-12.33,-11.53,-12.78,-12.23,-11.32,-11.67,-10.62,-9.44,-8.75
201901,-99.99,10.35,12.28,8.02,10.16,10.74,12.33,11.18,7.82,10.59,9.88,10.55,10.89,12.91,11.85,12.74,10.27,10.24,7.4
201902,-99.99,5.82,5.68,3.3,5.93,5.46,5.29,4.84,3.24,5.33,6.33,5.71,5.26,4.63,5.84,6.29,3.99,5.16,2.89
201903,-99.99,-2.5,-1.41,1.75,-2.82,-2.42,-1.53,0.5,1.78,-2.98,-2.71,-2.16,-2.63,-2.31,-0.88,-0.82,1.3,0.49,2.03
201904,-99.99,2.49,4.28,4.24,1.75,2.87,4.69,3.82,4.31,1.26,2.08,3.24,2.55,4.19,5.1,4.46,3.45,4.08,4.35
201905,-99.99,-7.5,-8.27,-6.58,-7.15,-8.94,-7.48,-7,-6.62,-6.47,-7.6,-7.86,-9.87,-8.1,-6.97,-8.58,-6.07,-6.16,-6.7
